Feijo,0.000800226033654
Mondra,0.000924698155146
Hazelhurst,0.000362197168414
Saffel,0.00928521464438
Kogl,0.00236043596122
Roche,0.0
Minnacora,0.0158061525639
Enders_Cluster,0.0061728519215
Baltar,0.0
Kyrkbacken,0.0230933292755
Northsun,0.000121022149285
Denebola,0.0167129442836
Eden,1.49690963007e-07
Talitha,0.0076403812367
Krievci,0.00477860820197
Ballentine,0.00510342152399
Diik,2.69443733412e-06
Midthun,0.00256452007973
Beecher,0.00536936260449
Stardawn,0.00118085857069
Carbonis,0.00467304645222
Schrim,0.0212955120102
Tallin,0.00402822225763
Thirty_Weight,0.00350700869784
Nahoni,0.0128195205603
Nykvarn,0.00197824072198
Tatlawiksuk,0.00563234253336
Jeju,0.0
Toch_Zu,0.00774471389862
Sanda,0.00699061477479
Okefenokee,0.000900366484002
Hell's_Paradise,0.00253637175224
Ballynure,0.00451640364038
Sparrevohn,0.00219876417852
Ferreusvirgo,0.00199763885157
Wolof,0.000395155478303
Merlin,0.00430827923188
Bothwell,0.000422943929226
Brundage,0.00519332295355
Lucknow,0.00081151343538
Albiero,0.0118633577421
Jacson,0.00263978329672
Reinhardstein,0.00166119531975
Huan,0.00039554847585
Conquista,0.00214307486935
Gangtok,0.000228297596356
Krung_Thep,0.000353371331384
Kilmarnock,0.00665638367934
Ulan_Bator,0.00401997093691
Kajikazawa,0.00104165776131
Rockland,0.00257671738639
Nashuar,0.00459539907218
Cole_Harbour,0.000724114521648
Goldlure,0.00583572272665
Coudoux,0.00396397102489
Laurieston,0.00577130230411
Dabih,0.000569361128174
Mizt,0.00868743268168
Viborg,0.000897845489294
Wazan,0.01242718938
Santa-Ana,0.0115144481024
Hiratsuka,0.00411582724189
Maximillian,0.00419855885477
El_Dorado,0.022495149395
Arcadia_(FS),0.00206056131957
Sardis,0.00190219456811
Trentham,0.00110436535734
Moriguchi,0.00281107692037
Unkador,0.0288807826594
Mkuranga,0.0126577749824
Cerulean,0.00459042919254
Potwin,0.00200973816054
Ferrara,0.0200049515024
Jabuka,0.0128429930798
Weekapaug,0.00387626953618
Atria,0.00283583793435
Ceram,4.46319104512e-06
Josselin,0.00528077005231
Mogabouti,0.000274511586579
Medron,0.0152145178485
Trell,0.00182037374255
Thraxa,0.0
Carmelita,6.23982266191e-06
Scauld,0.0072053540509
Sutama,0.009355658229
Hamal,0.00238619470147
Meinrad,0.00299476916622
Home,0.00541746032849
Andro,0.00135438831631
Westerstede,0.0205275819058
Quincy,0.00966402355105
Malagrotta,0.00360792812418
Nockatunga,0.000509000231496
Dicon,0.00167186509821
Teng,0.0156583256177
Klayne,0.00748658457287
Trznadel_Cluster,8.43400189399e-05
Kumqwat,0.0124448631805
Zelski_II,0.0
Howrah,0.00933324943116
June,0.00346836795711
Joppa,1.74979931959e-05
Bismarck,0.00202983766711
New_Galicia,0.00155626467939
Chahar,0.00344299027479
Cresson,5.57598837201e-06
Nopah,0.0055640173289
Charity,0.00939168170547
Ayn_Tarma,0.000287026819428
Shimonoseki,0.0101037384366
Viluisk,2.77944041669e-06
Sakhara_V,0.0101618677508
Cryfder,0.000769070516936
Hassad,0.00824017871995
Forkas,0.00184890303403
Emerson,0.00787373649061
Satalice,0.0046794087928
Valdives,0.0039277651065
Halkidik,5.426297409e-07
Marfik,0.00714117631767
Fletcher_(FWL),0.00260419662757
Antietam,0.0116472515247
Megiddo,0.000643521449967
Tetschner,0.00484525896835
Hódmezovásárhely,0.00664183472567
Togwotee,0.00139680661704
Morgan's_Holdfast,0.0
Westphalia,0.0122951405269
Skondia,0.00580299735682
Islington,0.0
Antwerp,0.0
Zoetermeer,0.00507397318025
Turov,0.00395074890992
Ayacucho,0.00796784532119
Tyrlon,3.96254567077e-05
Tabayama,0.00685124075836
Illyria,0.00197162227994
Mandal,0.00667022888099
Oberon,0.00385474661489
Persistence,0.00222057782463
Wheel,0.00897911842984
Brihuega,0.000114474398416
Pollux,0.00191963858335
Komephoros,0.0136640067616
Dell,0.0102761326307
Capricorn,0.00547896912901
Waini_Point,0.000718416997854
Lesnovo,0.00121623880303
Findal,0.00227082041484
Ironhold,1.23495044481e-06
Sakai,0.0347757875417
Winfield_(FS),0.00162789667403
Gruyeres,0.00400977110957
Dirk's_Gulf,0.00423249745897
Wrociaw,0.0103592966533
Algorab,0.0216471483998
Laurent,0.00447907733362
Giausar,0.0171543159734
Hurik,0.00467842064236
Kleinwelt,0.00128659382704
Köln,0.00658110969707
Montour,0.00224310943925
Salur,0.00669870142432
Dirkel,0.00128912360432
Ohrensen,0.0123649941445
Ballalaba,1.79629155608e-06
Ebensburg,0.00198698694581
Szepes,0.00606939910193
Shiro_III,0.00835478813335
Shitara,0.00834999392796
Maxwell,0.00118261104625
Mosiro,0.00574593421994
Ormal,0.0178029135606
Shaul_Khala,0.00642964238157
Kenilworth,0.00101040530068
New_Wessex,0.0148305908623
Issaba,0.00400977479121
Sigurd,4.75061443442e-06
Vixen,0.00156324238059
Arlington,0.0177518026002
Blackstone,0.0018904802104
Macksburg,0.0112479128152
Kanto,0.00594693761662
Maison,0.0198715881356
Porrima,0.0160433056158
Roadside,0.0045672308735
Merope,0.00090068999128
Smolensk,0.00664986564115
Ludwig,0.0107026444703
Circe,1.49690963007e-07
Zaurak,0.00936880965637
Zuhbehr,0.00503815970719
Aspropirgos,0.0002423173887
Summerstide,0.00209059902392
Eromanga,0.00613109085665
Danli,0.00184731879229
Kearny,0.00135683161122
Here,0.00236009895544
Basiliano,0.00875471029097
Alkes,0.00084579149574
Killarney,0.000592386343966
Helen,0.00645670744241
Kautokeino,0.0060173924937
Horatius,0.0
Andurien,0.00794938451921
Erdvynn,0.000717854914845
Vandalia,0.00787664871419
Camlann_(DC),0.00430556132591
Cheriton,0.00471846218402
Goshen,0.00114368645779
Hongor,0.00119087104305
Cameron_(LC),0.0271443572779
Rezak's_Hole,0.0
Wilkes,0.0030276706602
Rodigo,4.89426467895e-05
Nuelson_Minor,0.00499502350384
Baltazar_III,0.000333092169567
Symsonia,0.0078614986991
Kanowit,0.00113357873327
Mendham,0.00565015809154
Euschelus,0.000358208290662
Umka,0.00505444620577
Bithinia,0.00578186404122
Kufstein,0.00398261451655
Hunan,0.0157054979547
Hoensbroek,0.000429372431572
Arganda,0.00484546144165
Moritz,0.00260163037197
Chiavenna,0.00906164375598
Agematsu,0.00016320672012
Carnac,0.0354632794322
Gravenhage,0.000727007903141
Derf,0.00328314316115
Tsinan,0.00870356379772
Shahr_Kord,0.000215631746722
Santander_V,0.0
Nightwish,0.00122644077497
Cursa,0.000457527595067
Deneb_Kaitos,0.00403918794376
New_Avalon,0.000456319803751
Velhas,0.00910126112705
Bornal,0.00143555379214
Pliska,0.000556312831054
Al_Jubaylah,0.00371836523599
Marisura,0.00168749547908
Sterope,0.0
Soilihull,0.00824302832107
Cerberus,0.00205030405701
Mansu-ri,0.000149859834651
New_Valencia,0.0317856497334
Holt,0.0163091164502
Marshdale,0.012572230023
Al_Na'ir,0.017095465024
New_Ivaarsen,0.00562898860998
Kabah,0.00284727853675
Ward,0.000725929965905
Chatham,0.00453334994778
Menion,0.000215475695945
Junior,0.0135784902237
Clayborne_II,0.00154023572385
Angol,0.0183532193066
Dneiper,0.00872684100659
Alorton,0.000446471681365
Caldarium,0.0031194714019
Inner_End,0.00269429369118
Tincalunas,0.00063257113113
Chagos,0.00366635926203
Aitutaki,0.0172757136928
Gambier,0.00777795175257
Non_Diz,0.00368401438061
Aragon,1.57175511157e-06
Von_Strang's_World,0.000129890104896
Raphael,0.00125652504449
Harpster,0.00327247202647
Clinton,0.00430506536477
Blandinsville,0.00753576586721
Schirmeck,0.0165915704749
Timehri,0.0215151129904
Windsor,0.00863820911149
Maldonado,0.00710849869245
Wittington,0.0125807434967
Balsta,0.00285006958976
Chalouba,0.00287208594324
New_Ceylon,0.000103777453385
Noatak,0.00262829884804
Aquavita,0.00611499435217
Mualang,0.00387781818596
Delos,2.24712677288e-05
Hirtshals,0.0
Borghese,0.0265285441339
Halla,0.01212937817
Sigma_Mare,0.00175958610413
Luthien,0.00438950599796
New_Sarum,2.87620493206e-06
Hoard,0.0
Northwind,0.00331603572625
Meadowvale,0.00114853485409
Plataea,0.00728331341589
Bossangoa,6.92516803051e-06
Maxie's_Planet,0.00194369159635
Braunschweig,0.0
Claybrooke,0.00748553546557
Tunlmar,0.006639815631
Giverny,0.000649206889373
Awano,0.00931668812815
Laong,0.00770056266555
Westover,0.00270678391641
Cluff's_Stand,0.00118399892793
Jaboatao,0.00672268322544
Sendai,0.00359127111776
Summit,0.00282986941057
Ciampino,0.0192601829117
Genf,0.0215605282938
Charleston,6.5265259871e-06
Alta_Vista,0.000601351112689
Fagerholm,0.00257053343587
Bushmill,0.00339323732323
Mirach,0.00439813465231
Bremond,0.0122784067701
Crellacor,0.00515560747968
Skvorec,0.00379186483577
Lapida_II,0.00336538655898
Fjernet,0.00343067461221
Nusakan,0.0107051068732
Toffen,0.00574276723758
Pirates'_Haven,0.000673186571675
Colia,0.0188118590295
Trinidad,0.0032537173312
Danais,0.0117732085881
Angell,0.00550336008219
Canopus,0.00468638633074
Tedibyhr,0.00767017002515
All_Dawn,0.00287676757079
Finnalon,0.00296913808787
Avior,0.00876771884698
Ferris,0.000598283683585
Silver,0.00529055582524
Medzev,0.00143197696868
Valloire,0.0173952216719
Mariefred,0.0263898090826
Bad_News,0.00232833848349
Jasmine,0.00674734586017
Villanueva,0.00342135982066
Royal_Foxx,0.00702911387851
Turkalia,0.0401918863101
Dukambia,0.00461226074691
Caledonia,0.0188478684091
Dothan,0.0061233418369
Gallery,0.0148824707993
Placida,0.0025617709965
Lynn,0.0
Sodertalje,0.000143670398126
Flychenia,0.00142436491826
Alsek,0.00357698191756
Dalmantia,0.000909625723592
Lamar,0.00724374365271
Talcott,0.012615899172
Hermagor,0.00155285178274
Freisland,0.00830428938368
Pandora,0.0132949263577
New_Roland,0.00253297479252
Desolate_Plains,0.000869475451016
Pinard,0.00171084859315
Carsphairn,0.00816093409477
Storfors,0.00628624186323
Gorki,0.00285778515072
Addicks,0.0048340507436
Kitopler,0.000948445694827
Skandia,0.00152087881281
Izmir,0.00078389638927
Victoria_(FS),0.0163957528626
Semichi,0.00834713011009
Zanzibar,0.00293758002511
Quiberas,0.0064299765713
Achilles_(CC),0.00920427423169
Ourem,0.0005063191042
Venaria,0.00596529421405
Helvetica,0.0
Keuterville,0.00587738208056
Devil's_Rock,0.000783969232826
Mogyorod,0.006336271884
Paradise,0.0255552930154
Garstedt,0.00197824072198
Tamar,0.0160289054534
Nito,0.000837184125689
Teylingen,0.00581177402588
New_Athens,0.00822809929456
Santiago,0.0113728739642
Novara,9.8075298467e-05
Epsilon_Indi,0.00941989110731
Quantraine,0.00254805776853
Morthac,0.00652343680509
Nihal,0.00670996778057
Alphard,0.0
Unzmarkt,0.00619833579147
Belaire,0.00401772354527
Kigamboni,0.00895753785717
Thestria,0.00360764379703
Bensinger,0.000395368581776
Orkney,0.00161657524683
Antares,0.00645320863584
Wypoute,0.000157297526689
Lushann,0.000118049379553
Styriania,0.00128659382704
Konopiste,0.00632808782077
Elnath,0.00895106936218
Chertan,0.00208208253328
Grants_Station,0.0
Moore,0.0202239854621
Armstrong,0.0
Weitinger,0.00192557359531
Incukalns,0.0118579401972
Rio,0.00691468999154
Boardwalk,0.00128522015578
Deia,0.000226654898187
Conakry,0.00232740579077
Dayr_Khuna,0.0136749687781
Phact,0.00244387531486
Huaide,3.79006690727e-05
Restitution,0.00835479936618
Shimonita,0.00543379015536
Andiron,0.00057871340359
Tsamma,0.00122705589293
Ferranil,0.000980332461069
Murris,0.000682758818265
Ad_Duwayd,0.000916300947612
Foster,0.0
Caripare,0.00236161690441
Albion_(LC),0.023653376917
Butler,0.000271537417927
Pasig,0.00125506042255
Odabasi,0.00627445502507
Second_Try,0.00473613137274
Pec,0.00430097136102
Fincastle,0.00987785682349
Blumenort,0.0151295961521
Mankova,0.00147539153249
Mejicanos,0.000253589712737
Carse,0.0148224737767
Ancha,0.0017220968389
Maule,0.0046517924622
Basalt,0.00725111197419
Kempten,0.00432973860013
Belacruz,0.00437261025644
Vicksland,0.0167040573778
Cogdell,0.00558189031545
Tsarahavana,0.00385573724191
Leamington,0.022603207211
Ichlangis,0.00455101076489
Sornath,7.42365951356e-06
St._Andre,0.00462744035752
Pinnacle,0.0032216333107
Trasjkis,4.13867151826e-06
Sharpe,0.00316574718549
Zebeneschamali,0.0162359007913
Payvand,0.00747936726782
Capella,0.00548163094083
Horsham,0.00113653989709
Quemoy,0.0128358386497
Ueda,0.00550811465206
Urjala,0.00573812461341
Keytesville,0.00268301393494
St._Gall,0.00766756642508
Miyada,0.00255966816533
Sarna,0.00373139809797
Ziliang,0.00107781615541
Qalzi,0.000593657365939
Stratford,0.00582099294072
Chilung,0.00884413919406
Ugland,0.0211562845728
Dawn,0.00147803125006
Beta_Regulus_II,0.00223102118871
Althastan,0.00138058116624
Muroto,0.0353787372354
Carlisle,0.00139398495322
Pardeau,0.0066465284693
A_Place,0.0077163789475
Slaithwaite,0.000110186388634
Corella,0.00815354183624
Wernke,0.00145805024203
Molokai,0.00236278724596
Altoona_(LC),0.00590925704565
Boara,0.00128659382704
Ikast,0.00247626574557
Alnadal,0.0125180202652
Pesht,0.00326592557736
Jouques,0.00110670770291
Herzberg,0.00725122188515
Stockpoll,0.00248336859614
Mesa_Verde,0.00162636983411
Thorin,0.00358363250517
Matsu,0.00194223323442
Biegga,0.00476811661931
Gulkana,0.00301637584882
Turtle_Bay,0.00046445460228
Avranches,0.0169285443142
Salford,0.000222024061656
Czarvowo,0.00561569578573
Illium,0.00224807387884
Eagle_Rest,0.0
Port_Moseby,0.00560418658662
Saumur,0.0199920200315
Clermont,0.00781203510517
Banori,0.0041062119256
Nuneaton,0.00252842627738
Terra_Firma,0.0055975363668
Maestu,0.00916879040013
Anaheim,0.000424323540448
Misery,0.00219221279269
Rypful,0.0
Scituate,0.0055808617474
Quimberton,0.00391087814023
Elgin,0.00245253603258
Mahone,0.0144224008667
New_Gascony,0.0
Bergtatt,0.000912243468998
Binyang,0.0162969601542
Trent,0.00485808628191
Cor_Caroli,0.0104087051853
Tamarind,0.000414963990573
Elix,0.00345744169749
Jilin,0.0161215198323
Rowe,0.0108480679746
Cassias,0.000929870794024
Alto,0.0174150713827
Alchiba,0.00322364245314
Skye,0.0152639305915
Pilkhua,0.00790664519398
Ogano,0.0132229260083
Saiph,0.00951920523448
Courtney,0.0421055330829
Fukuroi,0.00759888801777
Jardangal,0.00192921713123
Anguilla,0.0137148407804
Rushaven,0.00367442861583
Delacambre,0.00309263376288
Chupadero,0.000141269884503
Pojos,0.00251960192546
Prato,0.00363336378104
Millerton,0.00361939336949
Romita,0.00127734420176
Dansur,0.00463914095726
Jarett,0.000391032421458
Setubal,0.00696646033911
Marantha,0.00280863855615
Klenkar,0.00563760112829
Ingersoll,0.00749175203975
Farcry,0.000673209048576
Harlez,0.000212585260791
Ilmachna,0.0112987533961
Bristol,0.00787978929792
Biuque,0.000871462696772
Garrison,0.00971808605765
Hivrannee,5.76919688773e-05
Peacock,0.0007172810371
Courcellete,0.00416743431608
Hazeldean,0.00193120257254
Achton,0.00491376743677
Abiy_Adi,9.26419814296e-05
Lordinax,0.00385439260646
Parma,0.00290137707511
Périgueux,0.00946097291461
Kowloon,0.00598426654902
Talisker,0.0150601873164
Chaumont,0.00604705314564
Shui-pào,0.00826365700208
Kerman,0.00661986589748
Bayis_II,0.0181149287042
Muscida,0.0226769490564
Calvados,0.000211526073675
Okaya,0.0409398458584
Suetonius,1.90855977834e-06
Erod's_Escape,2.69443733412e-06
Panjang,0.00371086027781
Helland,0.00673443893692
Kaufermann,0.00676485147795
Oscar,1.57175511157e-06
Odell,0.00443727316657
Connaught,0.00278363208168
Galatia_III,0.0241665944316
Heligoland,0.00567686130115
Karkkila,0.00501739166215
Andalusia,0.00692287559727
Zanderij,0.00926298574769
Glevakha,0.00219823553955
Hurgh,0.0136676845925
Linqing,0.0165909403198
Sadurni,0.00627189811236
Sturgis,0.00287270159189
Raldamax,0.0
Sidon,0.00217290600878
Eschenberg,0.0383500826652
Svinngarn,0.0276130038725
Jacomarle,0.00169528769009
Althea's_Choice,0.0114696128126
Wing,0.00427474019546
Sentarus,0.00321311652094
Gallis,0.00676788451065
Glenmora,0.00507313935556
Echo,0.000749290393851
Beils,0.030241679652
Hanseta,0.0029343317953
Tawas,0.00435148067467
Aristotle,0.0031788435137
Outer_Volta,0.0011351963194
Warren,0.00577873024803
Pressby,0.0135751899552
The_Rack,0.000504295271259
Bartrock,0.00123150085265
Caldwell,0.00166038523326
Sheridan,0.00109679070237
Salvende,0.00154901761795
Armaxa,0.00908139941918
Ddraig,3.56244137357e-06
Pajarito,0.00694610950274
Hun_Ho,0.00717383856181
Verdigreis,0.000106286517342
Malibu,0.0090821407797
Pobeda,0.00988236529163
Saltillo,0.00673984339971
Lee,0.00200547912021
Koury,0.00639498006254
Leh,0.00123670812304
Leximon,0.000321423920317
Huntress,1.23495044481e-06
Rosendal,0.00865850920746
Egress,0.00300199797954
Dorpat,0.0
Batajnica,9.8075298467e-05
Ype-Jhu,0.00204285454666
Staffin,0.0196433453577
Yanchep,0.00335613580038
Decus,0.00417848684519
Graz,0.0102768076655
Midale,0.00732164753983
Barlaston,0.00738453998146
Kochab,0.0146474531254
Leganes,0.00956760158742
Qarahta,0.0035425278077
Centavido,6.65642077403e-05
Corey,0.00549652193796
Pherkad,0.0
Gram,0.0107257785955
Gran,0.0027710114639
Gambilon,0.00218462921604
Amber,0.000308081114362
Borgan's_Rift,0.00177674876422
Minette,0.00097814035575
Delphos,0.0106678314801
Melissia,0.00527400342387
Lahti,0.000457170110806
Cajamarca,0.0010434030988
Alktral,0.000961720979488
Bangor,0.0109599081244
Gettorf,0.0
Atsugi,0.00928613575131
Princton,0.00278348443847
Zathras,0.00259646924181
Wasat,0.0132715869598
Herotitus,0.000141876347967
Kervil,0.00652802432886
Fairfield,0.0103902291752
Doneval,0.0125330045025
Priori,0.0
Reese_Station,0.00550499148453
Cork,0.00313341584956
Baccalieu,3.14351022314e-06
Numki,0.00388060511192
Pattison,0.00186498268763
Cranston,0.0015910488636
New_Hati,0.0
Lummatii,0.00160734413803
Fanardir,0.00399514410321
Leoben,0.000457709544807
Firenze,0.00781911928768
Alexandria_(LC),0.00727173340758
Ceará,0.00334947728501
New_Aberdeen,0.00168773370338
Blue_Hole,0.000922401012796
Poznan,0.00146944375328
Arc-Royal,0.0232265413577
Menkar,0.00356174185538
Annwyn,0.00760115203247
Columbine,0.000144973720574
Laureles,0.0025644285872
Nagel,0.00119240686264
Solaris,0.00236162319644
Amber_Grove,0.00148731489414
Ideyld,0.00578574357073
Athenry,0.0121853452595
Gatekeeper,0.0
Langhorne,0.0044027254901
Fugeres,0.000710454002566
Brest,0.00580089408256
Elektrougli,0.00597137658248
Brighton,0.00850867272465
Voehn,0.00119398950985
Semenyih,0.00696769608423
Sheridan_(Clan_system),0.0
Granada,0.0
Kelenfold,0.0206893972067
Lockton,0.000224019237588
Lhasa,0.00339217597994
Hector,0.0
Skepptana,0.0032998955488
Perdition,0.00139943674544
Stralsund,0.0
Togura,0.00907856613017
Tiber,0.00359534316821
Smolnik,0.0234632516307
Fronde,0.0114370281589
Oltepesi,0.00239128819393
Hudeiba,0.00705757898525
Masterson,0.00899288281595
Umijiri,0.0244076920352
New_Vandenberg,0.00079365915139
Sudeten,0.000662964255185
Shimosuwa,0.00836133857579
Kesai,0.0113374985007
Ibstock,0.0104619007781
Exedor,0.00464930189742
Lande,0.000385757553765
Tsinghai,0.0121330032419
Broken_Wheel,0.00137036785788
Chaine_Cluster,0.000214394881767
New_Kyoto,0.0119051420616
Sorsk,0.0022677557134
Patan,0.00283434521316
Kurvasa,0.00323982847594
Menkalinan,0.00546865804952
Quilino,0.00162548157811
Guangzho,0.0028705472306
New_Olympia,0.0209938851386
Proserpina,0.00628394703721
Kazu,0.00119102643782
Kaldu,0.0217567449533
Wappingers,0.0126423181927
Dalian,0.00238390979467
Utrecht,0.00781320335545
Faleolo,0.00280843594967
Escobas,0.00500089540189
New_Earth,0.0123787624456
Jibbet,0.00261611473196
Betelgeuse,0.00442006162612
Fjaldr,0.000755643487523
Clearfield,0.00553094568211
Hibuarius,0.000523927351047
Saonara,0.00126685022712
Planting,0.00164834343047
Kvistgard,0.00190759600033
Thadora's_Land,0.0
Castor,0.00401657930851
Megarez,0.00235236758621
Madras,0.00350770688689
Hyades_Cluster,0.00108584318715
Koniz,0.0104030416639
Abbadiyah,0.0101957972242
Ipswich,0.00259615618806
Syrstart,0.0
Humansville,0.00327958962057
Allerton,0.00301423515869
Chennai,0.000663909007522
Lihue,0.00392471829029
Fletcher_(CC),0.00879314309206
Sophie's_World,0.00814254420609
Saltural,0.00265355813652
Acamar,0.0111486064989
Ina,0.000221921001673
Karpathos,6.24959770554e-07
Wei,0.00231629806186
Payia,0.00108862261683
Sabanillas,0.00515917449662
Maladar,0.00462985780415
Fiery_Plains,0.00257139136253
Chirac,0.00845009688464
Gardnaus,0.00328088454435
Matheran,0.0103700724533
Vosloorus,0.00415223992348
Cronulla,0.00693468703373
Wildwood,0.00111319603932
Harbin,0.0103041946492
Pressville,0.000643521449967
Stonarboi,0.00722492423263
Ullieri,0.00159205138073
Ulysses,0.0159791950275
Weatogue,0.0173493161175
Zebebelgenubi,0.00596555280974
Luxen,0.002066415223
Rentz,0.00251168065084
Zdice,0.0247001807473
Filtvelt,0.00350524750032
Kafr_Silim,0.00110887328475
Juazeiro,0.0114128309328
Hsien,0.00532996279478
Corfu,0.0165572007352
Flaum,0.00221804717535
Tancredi,0.00274800086411
Celano,0.0
Granera,0.00425437051544
Bryceland,0.0164248312907
Jardine,0.00408000406977
Shoreham,0.0149520184937
Gatineau,0.000938927359104
Highspire,0.0110718277858
Thimphu,0.00177986331845
Úr_Cruinne,0.0
Antipolo,0.0178025409179
Oshika,0.0425893191255
Hean,0.0147511376628
Yàn-huì,0.00999853224347
Moravian,0.00586136287753
Ford,0.00939501854449
Asellus_Australis,0.0065074234229
Yamoussoukra,0.00458438869317
Glitnir,1.72915125856e-05
Cardff,0.00646348615155
Carmen,0.00184616221427
Haggard,0.00186855415452
Morges,0.00983646925871
Nowhere,1.78030181498e-05
Gustrell,0.0
Damian,0.00139852612937
Cate's_Hold,0.00116288049638
Goito,0.00375813160074
Jápminboddu,0.00441926778203
Bacum,0.00181793634256
Lucianca,0.00214926980223
Mishkadrill,0.0209622331437
Syrma,0.0134483613179
Millungera,0.0148139407848
Lesalles,0.0179288137383
Elissa,0.000321648456761
Chateau,0.00742589477834
San_Carlos,0.000958495042982
Ambergrist,0.00203677326566
Perkasie,0.00984081224754
Alula_Borealis,0.00710456227148
New_Abilene,0.00178797738346
Hoonaar,0.000301722474424
Vanra,0.00524854931603
Hawktor,0.0
Haynesville,0.00145013185392
Aiguebelle,0.00115126793227
Cholame,0.00809385587574
Delios,8.98145778041e-07
Cruz_Alta,0.0010211364083
Calchedon,0.00643866609029
Malacca,0.00489060852451
Bora,0.0110239247194
Leipsic,0.00538056399394
Enkoping,0.00347059097533
Konstance,0.0135326083248
Hartshill,0.000621560353275
Bolan,0.00925672471236
Alrakis,0.00997429388947
Iron_Land,0.00600885423397
Gunzburg,0.013349611934
Ammon_(OA),0.00462329145156
Angra,0.0108129904491
Zindao,0.00357993733972
Fujidera,0.0187828919739
Spitz,0.0
York,0.0294899323676
Mandaree,0.00368890348763
Australia,0.0125512766378
August,0.0186461604349
Linhauiguan,0.00295254381468
Blantleff,0.0
Raballa,0.0200538752542
Eilenburg,0.00614473223355
Ragusa,0.00592433631312
New_Delos,0.00329221020274
Adler,0.011126449961
Al_Jafr,0.00705957254065
Bettendorf,0.00747210980553
Loysville,0.0103249720248
Baxter,0.00468754891577
Malaga,0.00198396370416
Fellanin,0.00892353645524
Loxley,0.00951814790805
Bex,0.0156440092493
Maharet,0.00996099190908
Kandis,0.00359062757823
Promised_Land,0.00254972334867
Dagda,0.0276346615759
Goderich,0.00485117003908
Prix,0.00415964058895
Braben's_Frontier,0.000432068682411
Mandeville,0.00627366317593
Ormstown,0.00829695004336
Sunchon,0.0200703677433
Clipperton,0.00786504676172
Byesville,0.00578176517471
Kupang,0.00730370353374
Tentativa,0.000690751933996
Vereeniging,0.0011739611958
Herndon,0.00295145572723
Havdhem,0.044942954429
Drosendorf,0.00607485614308
Horneburg,0.0175579132989
Mearra,0.000643521449967
Sanurcha,0.00694822506191
Chirikof,0.00475388141489
Ilmar,0.0191337012664
Skaslien,0.0120597910377
Rohinjan,0.00261418287095
Pentvar,0.00439632562629
Glasgow,0.0106217046145
Rexburg,0.000642692716764
Kalmar,0.00595420656933
Carmichael,0.00172462008846
Holmsbu,0.00135809320608
New_Ganymede,0.00502956343812
Propus,0.00708674301536
Muswell,0.00791610816126
Lokoja,0.0
Anaea,0.0099857466507
Cumbres,0.0215706641995
Lexington,0.00884148824177
Eidsfoss,0.00223867117148
Fletcher's_Feast,3.36804666765e-07
Tanz,0.0017239912682
Drusibacken,0.00549045406992
Strato_Domingo,8.98145778041e-07
Machida,0.00106583815281
Sapienza,0.000797515319007
Coraines,0.010147115001
New_Kent,0.0
Tellman's_Mistake,0.000164000836868
Delitzsch,0.0128895003739
Vinstra,0.0103805680029
Igualada,0.00034466160221
Dahar,0.000975581009116
Andarmax,0.00172517559804
Euclid,0.000572192929682
Trip,8.22245271802e-05
Elbing,0.00932342704835
Shardayne,0.00492963166742
Minakuchi,0.0165197870185
Paran,0.000535706533861
Hollabrunn,0.0273440789786
Melk,0.000936518291827
Alkaid,0.013126241811
Rochers,0.0048784017279
Isabela,0.00218632345746
De_Berry,0.0126762622594
Diamantina,0.00806088393754
Boondock,0.00131569467809
Neukirchen,0.00155734026865
Wedgefield,0.00610427110621
Carthage,0.000353387967112
Trolloc_Prime,0.00273653736779
Vikindu,6.32150536884e-05
Baranda,0.00312970918653
Merdal,0.000855009730992
Celentaro,0.00082142339863
Defiance,0.00401038649105
Dubhe,0.000445059183483
Jansen's_Hold,0.000259413793331
New_Damascus,0.0134188197796
Strana_Mechty,3.59258311216e-06
Zvolen,0.00654356681438
New_Bergen,0.00757661879266
Agliana,1.57780622344e-05
Bhaktapur,0.0104292763682
Augusta,0.0109314348146
Logan_Prime,0.000643521449967
Tormentine,0.00369671098377
Hrafn,0.0129965260196
Ludwigshafen,0.0109734016347
Sakuranoki,0.00741181025911
Thurrock,0.0055470815002
Ipava,0.00287306994846
Argyle,0.0157036449162
Tantallon,0.00542315910656
Gotterdammerung,0.00303966630561
Markesan,0.00990339747128
Ganshoren,0.00417100198521
Stanley,0.00234866358819
Abadan,0.0263560360967
Itsbur,0.00259479426822
Espia,0.000543988561084
Foochow,0.014938922173
Pomme_De_Terre,0.000541636829876
Nova_Roma,0.00961960312304
Lum,3.36804666765e-06
Kek,0.00454331923253
Renfield,0.000604690430382
Reisling's_Planet,0.0143134259264
Grootfontein,0.0032554186149
Lockdale,0.0120419002166
Vulcan,0.00994739812626
Streator,0.00323670069941
Diosd,0.00445759204676
Alya,0.00136792691136
Leyda,0.00509749055087
Holloway,0.00773036353004
Hè-shì,0.00702308168457
Kessel,0.0237684023573
Iijima,0.000231219384723
Tortuga_Prime,1.34721866706e-06
Delagoa,0.000784628923312
Jubka,0.00185001256336
Zwenkau,0.00363760296751
Kaus_Media,0.00791747078497
New_Canton,0.00127313723292
Alcor,0.0170894280486
Westfield,0.00234320994658
Liu's_Memory,0.000554471780518
Caselton,0.00726865486271
Najha,0.0130768406277
Pillory,0.0108286368094
Abagnar,0.000697336539813
Pitkin,0.0224210116123
Kamarod,0.00118847958223
Ningxia,0.018678329751
Kestrel,0.0256863961288
Ozawa,0.00101909603448
Maritgues,0.016991291157
Vindemiatrix,0.010299929786
Huntington,0.00340177530047
St._John,5.47003204653e-06
Adelaide,0.00256271463463
Zavijava,0.00604022937492
Novaya_Zemlya,0.0163308361237
Housekarle,0.00946207506597
Royal,0.0119378495553
Edmondson,0.00534503741292
Gwynedd,0.000643521449967
Runrig,0.00397664498177
Piriapolis,0.0023236653503
Palos,0.00879237418258
Stewart,0.00111315602209
Abruzzi,0.00467376248654
Undra,0.0137907286497
Thazi,1.82529379532e-06
Katla,0.00390806915897
Galicia,2.69443733412e-06
Manksville,0.00779817217975
Pike_IV,0.0282952638498
Dove,0.00561357271374
Keihoku,0.00529280590318
Yorii,0.0106805840824
Jeanette,0.00240300300621
Elume,5.36194796218e-05
Albert_Falls,0.00271451767097
Pattonsbrug,0.00624146447142
Dyfed,0.00628470401559
Astrokaszy,0.0
Parvan,0.00405263345362
Tresspass,0.0
Crofton,9.29125667532e-05
Rosiclare,0.00518874725498
Andelys,0.00431232499528
Colorado,0.0120114062723
Concord,0.00142113047305
Kalidasa,0.00297664305584
Adrar,0.00258411940002
Marsalle,0.00134935663782
Hardisey's_Haven,0.00307777515117
Pleiades_Cluster,0.00310424901119
Foot_Fall,0.00813204986778
Regulus,0.00525066390152
Layover,0.0167455140199
Kotzebue,0.00923082132881
Furillo,0.0103471762841
Jaipur,0.0102668087362
Fadiffolu,0.00564406284157
Philadelphia,0.00981177634767
Maia,0.00053821387593
Zebrenaski,0.0155365629317
Celebes,0.00658099320155
Rukbat,0.015669840091
Crawford,0.00862861738658
Rocky,0.0136339745597
Beid,0.00623735176213
Meinacos,0.00968050640984
Shaun,0.00252108549813
Broaddus,0.00908714402735
Anjin_Muerto,0.00329091862135
Hellos_Minor,0.00516413381304
Gurnet,0.00530518567086
Sun_Prairie,0.0430280521718
Oceana,0.0240232399474
Xieng_Khouang,0.00340249801935
Hall,0.00676007376582
Mersa_Matruh,0.00104540578098
Thule,0.000348106199226
Taygeta,0.00187894410004
Thorn,0.0
Espakeh,0.0106549651656
New_Sapporo,7.39973366444e-06
Kern,0.00303017307883
Chinmen_Tao,0.00582637182456
Suianheer,0.0152323799264
Cadela,0.00326103469427
Meghy,0.00406530098213
Stellaris,0.00723905581801
Helsingfors,0.0172457987964
Baker_3,0.0137681504265
Sevren,0.0211789128815
Grand_Base,0.0113027279622
Jia_Tian,0.000112928496217
Thermopolis,0.0199176963383
Hastur,0.00761345150916
Pernik,0.00166109752334
Ellsworth,0.000212204975046
Girondas,0.0021128697438
Alarion,0.000565256582397
Poulsbo,0.0012754597501
Frondas,0.00483384407812
Kiruna,0.00216645613745
Newtown_Square,0.00766409226477
Kiesen,0.0105197534533
Galisteo,0.00330217895552
Kent,0.0010879657242
Vonja,5.19381861217e-06
Loikaw,0.00297595752315
Raman,0.00882741091357
Fomalhaut,0.00724276418538
Leskovik,0.0183005252613
Alterf,0.00379207627859
Lyndon,0.0082507617525
Guldra,0.000866557350545
Custozza,0.0
Sauk_City,0.00556380568361
Eion,0.00277068762274
Stettin,0.0
Coyle,0.00429086945701
Schmitt,4.32232655682e-06
Manennaia,0.014530667803
Laiaka,0.00868383737235
Northfield,0.0048981222641
Casere,0.00509239108868
Enkra,0.000355851472685
Chanute,0.000637521362922
Midway,0.0186465024783
Sileste,0.00128659382704
Worrell,0.0186700814252
Sirdar,0.00075111505756
Hamilton_(FWL),0.00778944035931
Markab,0.0182366701589
Le_Blanc,0.00245372368019
Alnasl,0.0021803557858
Branzoll,0.0214720168647
Callisto,0.0142012327785
Vorzel,0.00598175936859
Mirage,0.0117790894396
Arlanda,0.00575063911006
Bamburgh,0.0
Camlann_(FWL),0.00271127363937
Krenice,0.00346851701129
Catroxx,0.0024733310027
Santana,0.000960624073056
Ulsan,0.00962390172687
Irece,0.000536377884669
Tok_Do,0.0081357328383
Star's_End,0.00301763595094
Nam_Dinh,0.00823562535254
Babylon,0.0
Cree,0.00601871575205
Valexa,0.009682338462
Kitalpha,0.00331091446314
Calingasta,0.00017051308367
Milligan's_World,0.00770529531854
Harloc,0.00604011689828
Ildrong,0.00974484370749
Monthey,0.00038726790535
Iknogoro,0.00556350108515
Ljugarn,0.0136575880663
Virtue,0.00518946478787
Carnwath,0.00635694156385
Ildlandet,0.000163748938082
Rondon,0.000461010117913
Able's_Glory,5.41421674471e-05
Johnson,0.00033513251685
Skiland,0.0
Perdido,0.00521662032909
Alekseyevka,0.0184264742239
Bahl's_Retreat,0.00885151399785
Overton,0.00456771824188
Hyperion,0.000304048693915
Constance,0.00234770722311
Anembo,0.00469331455535
Carver,0.00580012102886
Brooloo,0.00118721085766
Al_Hillah,0.00120036837238
Brockway,0.00468023578618
Cabanatuan,0.0
Oriente,0.00373707277047
Fort_Loudon,0.0149950246202
Kladnitsa,0.00546215876964
Pangkalan,9.86726610255e-05
New_Caledonia,0.0063972462278
Niangol,0.00100939773552
Ambatomainty,0.000590590287158
Chaville,0.00463760066705
Aix-la-Chapelle,0.00798868549319
Main_Street,0.000275018472127
Gienah,0.00985380936198
Okains,0.00811315420434
Sarkel,0.0190376045594
Hamilton_(LC),0.000447910282238
Golandrinas,0.00942700922646
Kiyev,0.0164645830134
Wisconsin,0.00313341989429
Pain,0.00122815702855
Tarnby,0.0
Kimi,0.00254806718624
Tovetin,0.00171852870586
Hyner,0.006243983351
Alrescha,0.00405179129488
Acrux,0.00169349686009
Radlje,0.000328094979655
Alhena,0.00415180612381
Frankson,0.000923818396661
Weldon,0.00962244482148
Córdoba,3.59258311216e-06
Osmus_Saar,0.00123130351874
Alphard_(FWL),0.00589995590385
Small_World,0.00209672096458
Torrence,0.0179309277562
Eltanin,0.00921901794888
Finmark,0.0
Aea,0.000787797060511
Mayetta,0.0205175854392
Olindo,0.00246314779565
Manapire,0.00144440181696
Alpheratz,0.000201714395072
Chita,0.002016637231
Mandalas,0.000507235187709
Vackisujfalu,0.0
Afarsin,0.00553223617327
Orkney_(TC),0.00321311652094
Ghaziabad,0.00534436022844
Nexus_Ri,0.00601926524278
Vard,0.00720332909877
Renown,0.00197606025349
Sighisoara,0.00721813953559
Katlehong,0.0107530816448
Diboll,0.0159239852281
Ronel,0.0158681585693
Altdorf,0.00159366826744
Phecda,0.00390355712624
Cumberland,0.00400615224083
Sorunda,0.00876544285022
Sabhal_Mòr_Ostaig,0.00313013439166
Waimalu,0.0035288798959
Pasemah,0.00105264235071
Chandler,0.000977393377578
Goth_Khakar,0.00337779725967
Buchlau,0.00373710982524
Zacatecoluca,0.0035553564989
Berenson,0.00448167628584
Donenac,0.00676858475089
Muskegon,0.0263524342884
Chara,0.00491942560439
New_Port_Royal,3.36804666765e-07
Senorbi,0.0128312333974
Ulvskollen,0.0
Peabody,0.0148289445927
Morrigan,0.00470471865368
Renorsal,0.00123903104102
Axton,0.00314361880261
Soul,0.0128887187365
Barcelona,0.0062230058467
Lamon,0.00310012234127
Nouveau_Toulouse,0.00245347783037
Anywhere,0.000298990612709
Zelmag_III,0.000322333191655
Fasa_(system),0.0
Kirklin,0.00339167304496
Winfield_(LC),0.00222057782463
Tapachula,0.000538896426107
Snowdon,0.0
Tegaldanas,0.00653353978217
Dixie,0.000971949542532
Dieron,0.00999767593545
Quarell,0.0115378552058
Cebalrai,0.0112962085808
Dromini,0.0133827400921
Oldsmith,0.00656871534527
Lucerne,0.000210179245677
Megrez,0.011791407989
New_Vallis,0.00260916607876
Zumbo,1.95288105295e-05
Stapelfeld,0.00276360292504
Joan's_Post,0.00151902419382
Ingenstrem,0.00323832294163
Zhongshan,0.0105236103808
Pavia,0.0154617349889
Finsterwalde,0.0023229643382
Lyreton,0.000801484223269
Sterling,0.0267083741515
Lepaterique,0.00244023937663
Vihtijarvi,0.00301353409447
Simancas,0.00172101626722
Tybalt,0.0061470841774
Exeter,0.0101183616062
Gahral,0.00432965303302
Tetski,0.0012280740456
Taurus,0.00108584318715
Amminadav,0.00832136236864
Tsukude,0.00882897808293
Zanzor,0.00135745058098
Newcastle,0.011647094519
Zinal,0.0
Harvest,0.0171451088471
Penobscot,0.0029411669456
Woodbine,0.0129028192582
Niomede,0.00573463616605
Twycross,0.00420974630795
Dagda_(Clan),1.49690963007e-07
Garotte,0.00335781368926
Tsitsang,0.00590071101353
Courchevel,0.00174877275099
Sherwood,0.000982969987242
Killbourn,0.0102367583438
Inner_Surge,0.00275982195461
Tapihue,0.00622824620075
Fianna,0.0179726064212
McComb,0.000312856931482
Kampen,0.0
Ashio,0.0177373212448
Mahrah,0.000115356123479
Kaguyak,0.0022410307533
Mao,2.2453644451e-07
Herat,0.0136562382398
Enif,0.000484793813601
Polcenigo,0.00957765366161
Wonju,0.000842528870283
Hachiman,0.00781160017131
Ferleiten,0.00262283547086
Biham,0.0145268258372
Mara,0.0188060490496
San_Nicolas,0.000216868284557
Luderitz,0.0
Ejeda,6.39412765325e-06
Brasha,0.010133273179
Monongahela,0.00825101604738
Niles,0.00991077122403
Suk_II,0.00242705681163
Raetia,0.00496027910615
Michtal,0.00209851956032
Les_Halles,0.00137264518493
Errai,0.0133395405706
Crimond,0.00758785505774
Merton,0.000828895481086
Kooken's_Pleasure_Pit,0.00079970328097
Valladolid,0.00198456823963
Tintavel,0.0171099818827
Quelimane,0.0
Ares_(system),0.00383132945626
Tangipahoa,0.000238935546021
Mechdur,0.00124118147423
Gabenstad,0.000192818647857
New_Start,0.0159086678021
Brabent,0.0212194797341
Verdinge,0.00386426599948
Old_Kentucky,0.0174181368565
Vortalcoy,0.000748271307974
Mesartim,0.00801285859691
Antallos_(Port_Krin),0.0
Pleione,0.0168606208665
Hildaman,0.00970538707566
St._Robert,0.00187416019158
Vargtass,0.00301930176945
Suzano,0.00504888372549
Molino,0.00361829732829
Ferihegy,0.00746813899929
Sabik,0.00482588001851
Shimoda,0.00635821122425
Cartago,0.0140848145228
Sappho,0.00429459452259
Savinsville,0.00116803566755
Avellaneda,0.0041883963196
Greypearl,0.000655031997203
Icar,0.0205060658682
MacLeod's_Land,0.00300174662283
Ballad_II,0.000106544845549
Itabaiana,0.00454539235977
Norman's_World,0.00208582908825
Adelson,0.000800638156159
Ilzra,0.00722271205741
Silkeborg,0.0101653520476
Spittal,0.00132022526358
Chorley,0.0016065415227
Sturganos,0.00833528659473
Chimpaw,0.0162785504554
Kaus_Borealis,0.00809762856377
Ki_Zoban,0.0113983186029
Ambrose,0.00254257604201
Arboris,0.0120472558712
Marduk,0.0229683943084
Caldrea,0.014472091498
Benfled,0.0113411780344
Delacruz,0.000629986367584
Kasdach,0.00907674080045
Teniente,0.00411025674095
Willowick,0.00543498848804
Krimari,0.000664075712664
Burnt_Rock,0.016139230282
Mizunami,0.0101487299848
Mallory's_World,0.00209237045337
Jerangle,0.00248073754911
Qandahar,0.00526064787059
Akfata,0.000433907081469
Bogerth,0.00651703931041
Dindatari,0.00147768869737
Strawn,0.00822984483108
Izar,0.0196567341459
Wynn's_Roost,0.000997850459291
Milvano,0.00149079541581
Kanata,0.00494249354013
Fuentes,0.0267701177938
Virentofta,0.00100813753554
Mannedorf,0.00576424973542
Lancaster,0.00766773605273
Asellus_Borealis,0.00400584111207
Chichibu,0.002849019075
Lochmantle,0.00419008039917
Waypoint,0.0038363720741
Kashilla,0.0127501165489
Atocongo,0.0220061225348
Valil'yevskiy,0.00130058129904
Ashkum,0.00238247724104
Benet,0.0249278972192
La_Grave,0.015322204461
Sumy,0.0050062716489
Moroney,0.000434883276036
Seuta_Bimyeong,0.000926019634543
Dunkerque,0.00864736443054
Unukalhai,0.00691815603585
Cap_Rouge,0.00435051501903
Bordon,0.021067889661
Illiushin,0.00040232561876
Corsica_Nueva,0.011777727166
Givrodat,3.89196503818e-06
Yed_Prior,0.00132852048714
Loongana,0.00071085276274
Camadeierre,0.00124039284256
Chhaprauli,0.00284681117384
Calish,0.00946801440061
Greenlaw,0.0106220400946
Tiruchchirappalli,0.00183413783096
York_(Clan),6.73609333531e-07
Inglesmond,0.0051689638633
Valmiera,0.0152025824572
Korvitz,0.00654978857983
Aucara,0.000464520253051
Masterton,0.000285865415095
Paracale,0.00612833574809
Kohlman,0.00325819277948
Port_Arthur,0.000101658511835
Chengdu,0.00126201714911
Gamlestolen,0.00104984054168
Last_Chance,0.00452079515671
Acala,0.00309870881311
Tellman_IV,0.0212155316254
Cavalor,0.000869387229736
Marknick,4.2661924457e-06
Chirala,0.00399333870678
Rosamond,0.0187047618438
Logres,0.0066499357555
Dalcour,0.00634234533921
Farnsworth,0.00120767864488
Tottori,0.000821838586764
Vaj,0.0206786446562
Verlo,0.00381770817022
Tigress,0.00220108339793
An_Ting,0.000407856034198
Winter,1.7425717592e-05
Aubisson,0.023113139164
Breed,0.00575552422984
Tikonov,0.00621449617039
Halstead_Station,0.0140699275778
Arcadia_(Clan),0.0
Labouchere,0.00725655937934
Capra,0.0107021738851
Orbisonia,0.00246516452453
Vantaa,0.00175003144244
Latexo,0.0296793290644
Machapuchre,0.000639237769432
Beckars,0.00261967711507
Braum,0.000984861725912
Angelsey,0.00273698614344
Kettering,0.00177861771442
Miyako,0.00613533078676
Otho,0.00392970270808
Beenleigh,0.00366410119757
Ellijay,0.00388409056994
Idlewind,0.00282617825719
Corbeanca,0.000689132713827
Dante,0.010767225311
Savonburg,0.00292719654905
Brailsford,0.00105095091586
Miquelon,0.0113641304293
Tannil,0.0101800221497
Choudrant,0.0174616991081
Joshua,0.000955168260117
Hexare,0.00411293768161
Brookeland,0.000723017361079
Hoyleton,0.00323493863624
Relevow,0.00576257052668
Bentley,0.00365819933946
Gaeri,0.00116062723276
Arnaudville,0.00132765568824
Stotzing,0.00319248863144
Beaumont,0.000298987411732
Sharqah,0.00583328668611
Sendalor,0.0122547128168
Baruun_Urt,0.0149741820178
Vestallas,0.00215222264995
Bringdam,0.00157679453889
Hobson,0.000164924167833
Irurzun,0.017571710125
Piedmont,0.0101579654582
Chamdo,0.0113496816267
Tiber_(Clan_system),0.0
Fallen_Stars,0.000683793348554
Bye's_Ship,0.00118607404276
Xhosa_VII,0.0204994486403
Zalt,0.00381009356995
Goubellat,0.00377879203386
Totness,0.000865547008008
Eaglesham,0.00950368350785
Sweet_Water,0.000290912218624
Shiba,0.00446218243878
Luxani,0.00238609402179
Helduza,7.19794827734e-06
Beowulf,0.00192188703694
Hibernia,1.0104140003e-07
Caph,0.0128184176388
Bogrib,0.00447853584056
Kaesong,0.00810561368979
Ferris_(OC),0.00192932939945
Hednesford,0.000825985177878
Trimaldix,0.0215921147131
Damevang,0.00386553273303
Zalzangor,0.00427484958795
Waipahu,8.42894759483e-05
Tishomingo,0.010702510839
Marielund,1.52764335052e-06
Sylvester,0.00785854745703
Cusset,0.00460693197649
Pula,0.00336854045121
Eom,0.00246577231678
Galatea,0.00333708731967
Spencer,1.12268222255e-07
Silence,0.0012216103467
Borden,0.00213638898533
Lyons,0.00242238816192
Zurich,0.00830445946008
Landfall,0.000232570671147
Janina,0.00197815505746
Kola,0.00128659382704
Skokie,0.0100009885704
Metter,0.00115982878553
Canal,0.000290912218624
Devin,0.00456556837254
Deshler,0.00666652336217
Cilvituk,0.00254507879558
Point_Barrow,0.000344140357837
Famdo,0.000643521449967
Richmond,6.16406001239e-07
Claxton,0.0173910014403
Aur,0.0098311403553
Shipka,0.00188501283033
Conwy,0.01309623336
Lastpost,0.0
Koping_Chian,0.0108146109426
Warlock,0.00441924470474
Luanda,0.000834888006443
Cavanaugh_II,0.00874937547664
Sanilac,0.0102645222801
Negushevo,7.37974413054e-06
Renren,0.00662952148598
Balkan,0.00830884893571
Towne,0.00891033607284
Turinge,0.00882324776772
Sarpsborg,0.00442055335678
Shirotori,0.00444877456587
Notwina,0.00626610100635
Schiedam,0.000725970469221
Jaumegarde,0.000526813395204
Barras,0.00169200308023
Chukchi,0.0161351746916
Dumaring,0.013066458819
Wyatt,0.00449150697352
Timbuktu,0.00179747733714
Ridderkerk,0.010134985857
Hegel,0.0167275719736
Hakkaido,0.00533093699353
Dyev,0.00881694151382
Eutin,0.010884773178
Sarmaxa,0.00402017232174
Itzehoe,0.000643521449967
Naryn,0.00325600644162
Nanking,0.00412982106151
Stantsiya,0.0052499530686
Early_Dawn,0.00528615930218
Kolobrzeg,0.00225251552109
Abramkovo,0.00349705020494
Sebha,0.000643521449967
Vakarel,0.0091266772863
Tania_Borealis,0.00179011667025
Gallatin,0.00550129317958
Capolla,0.0169344102386
Saaremaa,0.0148382322104
Cahokia,0.00978627449283
Lukla,0.00995037307071
Dehgolan,0.00451536244307
Gatchina,0.00319797731789
Aboukir,0.000973075586361
Old_Canton,0.0134754080657
Mindrel,0.000241956926649
Norn,0.000426465966791
Homestead,0.00153048317791
Calpaca,0.00952576946702
Dresden,0.00666601227016
Klamriz_V,0.0135178229893
Cosenza,0.00782853004867
Pusht-i-rud,0.00219189012877
Dalkeith,0.00982802063272
Entalun,0.000339347941854
Itica,0.00138103029003
Bastian,0.00476972205126
Shadow,2.69443733412e-06
Timbiqui,0.00789346655416
Tematagi,0.00113808031305
Hanover,0.00414776740751
Dol,0.0158722477672
Inchicore,0.000620349202176
Mokpo,0.000950687151049
Campoleone,0.00208339501202
Enchi,0.0154846778218
Jungar_Qi,0.00713705874761
Sappir,0.00331358677788
Rennes,0.00576319275106
New_Capetown,0.000370226236168
Dobson,0.00997289730164
Kamenz,0.00526242083352
Halgrim,0.00159086611353
Montcoal,0.0153684385692
Bedeque,0.00334813610314
Kaifeng,0.00958970257491
Bjarred,0.00116128294715
Marathon,0.00752133213252
Micros_III,0.00192921713123
New_Sagan,0.00220329055772
Necedah,0.0106780614515
Yongd,0.00468171433496
Ibarra,0.00347566685986
New_Samarkand,0.00309948129419
Capac,0.00780437518859
Daol,0.0025242725304
Gurrnazovo,0.00403525916204
Sadalbari,0.0324767365046
Asgard,0.00230673814468
Simferopol,0.0102851071487
Benjamin,0.0233267890191
Sulafat,0.0142702061034
Banfora,0.0023236653503
Pilon,0.000142193786637
Hassi_R'mel,0.00594489752781
Autumn_Wind,0.0265550623916
Leyland,0.000368291339588
Slewis,0.00434894463273
As_Samik,0.000704206888977
Zawiercie,0.0194447398122
Zangul,0.000160487352908
Fallon,0.00639910200407
Wetumpka,0.00337131562724
Galtor_III,0.00542442850752
Badlands,0.00173350942797
Aylmer,0.00113991940346
Sonnia,0.00411961043675
Baggville,0.00215144660772
Caerlaverock,0.000674066352854
Biota,0.00233855551551
Sekulmun,0.0189495624735
Radstadt,0.0150065943844
Hadnall,0.00424447663734
Indrapurai,0.00314715716835
Hecheng,0.00355427826606
Procyon,0.00507376411695
Erewhon,0.000515169848973
Skallevoll,0.000150184129082
Savannah,0.0132838167232
Newton,0.0135086731079
Victralla,0.0017145027576
Fetsund,0.00356297862884
Smythe,0.000549731926674
Anegasaki,0.0125786163537
Jeronimo,0.00604610513
Wapakoneta,0.0168275560642
Waitur,0.0
Liao,0.00862631933038
Reykavis,8.67609820518e-05
Toland,0.000809033775469
Avon,0.0139215533188
Rubigen,0.00748200506291
Ramora,0.00935775976822
Goslar,0.0
Cameron_(FWL),0.00995040879459
Jordan_Wais,0.0156627898999
Tripoli,0.00246721849837
Fathepur,0.0195893839473
Aalzorg,0.000780317715507
Lonaconing,0.00375204368764
Kilbourne,0.00263553731849
Grumium,0.0066885930118
Mundrabilla,0.00511117348556
Rahne,0.0111059962459
Rasalas,0.0050586883367
Ashburton,0.00745530854352
Campbelton,0.018958802968
Latice,0.00910864776557
Nestor,0.0134484518248
Neosho,0.000230718103414
Yuris,0.00240292714646
Jorvikland,0.00909179057836
Everett,0.00713964541027
Dunianshire,0.00145840877178
Apostica,0.0101626574535
Mira,0.00307656102638
Umgard,0.00171453980001
Alphecca,0.00743488544053
Manotick,0.000442470464894
Cadiz_(TC),0.0
Shionoha,0.00756216815838
Ryde,0.0103199921217
Kosciusko,0.00426265586081
Atreus_Prime,0.000110914503257
Bowang,0.0029597567741
Apinzel,0.003196130749
Alleghe,0.00680704098976
Ko,0.00268717003858
Steeles,0.0011339736313
Grankum,0.000832578737617
Palladix,0.00369749433987
Ordino,0.00113384704921
Fylovar,0.0
Dainmar_Majoris,0.0
Tuat,0.00297087054336
Eguilles,0.0053996605726
Kakada,0.00526530950104
Eustatius,8.97184558436e-05
Batavia,0.00793312258623
Simone,0.00437619168978
Zortman,0.0014368879616
Ebro,0.000216914946009
Purvo,0.00367073426118
Glentworth,0.0052606157323
Butte_Hold,0.000234975686381
Conley's_Patch,0.002318690868
St._Cyr,0.00231212502222
Redondo,0.00512768985057
Diefenbaker,0.00268136365479
Boulsi,0.000142193786637
Blair_Atholl,0.015797850607
Bharat,0.00878446135989
Lipton,0.0125372330073
Sirius,0.00814328975306
Tongatapu,0.0214531936279
Chesterton,0.00323558563101
Bergman's_Planet,0.00348383557829
Tharkad,0.00283755515573
Knutdor,0.00683623000014
Bayeux,0.000300823176405
Orestes,0.0107579644753
Heart_Fjord,0.0044081764248
Nai-Stohl,0.0110557882323
Tyrrhenia,0.0
Logandale,0.00888989416185
Schedar,0.016386161793
Blue_Diamond,0.00927170030249
Baryshevo,0.00328665527358
Cohagen,0.014681688675
Manaus,0.00370091692061
Shibukawa,0.0151123221433
Butzfleth,0.00629408099975
Algot,0.00514519564876
Homam,0.0117771939817
Ulubis,0.0222253103701
New_Sumatra,0.00626503728616
Keid,0.00463851538578
Flannagan's_Nebulea,0.000301229148301
Tania_Australis,0.00436702654912
Rollis,0.00223211568236
Tanh_Linh,8.52164777561e-05
Serenity,6.34982433766e-05
Gallitzin,0.0147387107596
Algol,0.00619453252234
Menkent,0.00517898872432
Veil,0.0033869457658
Achtur,0.000458100074809
Ghorepani,0.000408339306269
Second_Chance,0.0120157880261
Schuyler,0.00501452588478
Maldive,0.00220629008329
Timkovichi,0.0124086417296
Quittacas,0.0115475754023
Vangburg,0.00123903104102
Shiloh,0.00686078400721
Mangor,0.0067363499049
Halloran_V,0.00895994265375
Eaton,0.0397348781882
Far_Reach,0.000429014299978
Oliver,0.00629073375971
Kuzuu,0.024274129977
Alcyone,0.0100790003076
Mumbai,0.00703790775569
Arromanches,0.000729625400393
Redfield,0.00183296241755
Trellisane,0.0014360520624
Bilma,0.0137358340827
Kurragin,0.0120858568642
Karakiraz,0.00399434385683
Tukayyid,0.00718424504514
Quines,0.000534787329054
Odessa,0.0200921028265
Vermezzo,0.00210243496117
Bernardo,0.0221261935938
Songgang,0.00128826242831
Galuzzo,0.000750248833365
Tuscarawas,0.000167340239301
Ma'anshan,0.00707665746864
Aquagea,0.00386614261709
Hechnar,0.00555528901878
Udibi,0.00355929685261
Alyina,0.00218724129912
Kathil,0.00504996520581
Nis,0.00868725849145
Spirit,0.0145623382885
Kagoshima,0.00156057592917
Rudolpho,0.00100193502173
Atlas_(system),0.00573092126058
Bayindir,0.00392573682825
Coventry,0.0073497982803
Shubuta,0.000765575543497
Warrumbungle,0.00651320445151
Taumaturgo,0.000167938338601
Vega,0.00875299933102
Halesowen,0.00334240149379
Nirasaki,0.0178495883351
Great_Gorge,0.0
Baldur,0.00375604901773
Randar,0.0142474708769
Augustine,0.0169314040113
Ife,0.0104818305015
Salardion,0.000633506385817
Gomeisa,0.00463345682451
Manaringaine,0.000321648456761
Robinson,0.0149886916602
Tohelet,0.000488797465606
Colfax,0.0118638778159
Imbros_III,0.00253918544107
Uhuru,0.0385402796869
Rockwellawan,0.00128659382704
Panzyr,0.000814648191429
Tamsalu,0.0152060627396
Epsilon_Eridani,0.0159131773362
Drozan,0.0016923808922
Klathan,0.0145388087538
Bass,0.002668940839
Epsilon,0.000632183699118
Miaplacidus,0.00457776523448
Jacobabad,0.00414969942345
Algedi,0.0188471565423
Scheuerheck,0.0065454503519
Mandate,0.0138346980114
Vintru,0.00468757107784
Spica,0.00185379965677
Neerabup,0.000524818689725
Revivim,0.00134944175483
Lothan,0.0142054550012
Canonbie,0.00834820424687
Kingtribel,0.00488194475287
Ban_Na_San,0.00906187308955
Duran,0.00978160920482
Graceland,0.00250867486352
Tinaca,0.00722394412783
Albion_(Clan),0.0
New_Crete,0.0113597001996
Fuveau,0.000723368742579
Frazer,0.00468951741734
Kluane,0.0170445559575
Gant,0.0
El_Kerak,0.00375800462041
Lorkdal,0.000673186571675
Lopez,0.0028224231197
Karbala,0.0192569540513
Dalton,0.00251367961173
Jeppens,0.00127382331465
Huron,0.0102454851903
Chillon,0.0145551907283
Heiligendreuz,0.0017260709424
Deneb_Algedi,0.00641313281616
Rosice,0.00587745759199
Rochester,0.00974769164065
Tianamon,0.0188484065373
Zorn's_Keep,0.00484723974167
Milos,0.00654145676005
Obrenovac,0.00273955350993
Charleywood,0.000743076737292
Yeguas,0.00655575066012
Zollikofen,0.00478772248176
Ginestra,0.00154700089322
Gibbs,0.0254790590902
Shiri,0.00460727650438
Bonneau,0.00537897146212
Deschenes,0.00832254053365
Chenier,0.0020864689503
Hyalite,0.00204983371606
Naka_Pabni,0.00290192377732
Terra,0.00892357207765
Colchester,0.0081818357342
Bethonolog,0.00129672099478
Murmansk,0.0156293615404
Bessarabia,0.00385581450752
Aigle,0.0119647493981
Braunton,0.0102366980785
Cadiz,0.00502544369692
Ankaa,0.0154691861618
Osumi,0.00254444255956
Avawatz,0.00897546893204
Gan_Singh,0.0130479773082
Mordialloc,0.0107830652757
Gandy's_Luck,0.00583041334719
Hagiwawa,0.0019296764122
Matsuida,0.00875506340552
Midkiff,0.0151838499984
Toten,0.00168577106059
Niops,0.0
Hindmarsh,0.00637170178523
Aldebaran,0.0107628861672
McGehee,0.0158187751219
Bodnath,0.00872781712937
Prinis_Prime,0.00390402628355
Rosetta,0.00442336265585
Onverwacht,0.00104705394903
Loric,0.0233663783422
Son_Hoa,0.0035419815878
Kirkcaldy,0.00666039763449
Rigil_Kentarus,0.0026851882925
Maisons,0.0151494505792
Des_Arc,0.00466592121332
Nobel,0.000195643635351
Gibraltar,0.0045129589243
Shasta,0.0063890602018
McHenry,0.0282551882189
Avigait,0.00339504542077
Preston_(CC),0.00961199154882
Tylarzka,0.00627932879551
New_Troy,0.00110577947919
Bethel,0.000800206658643
Rastaban,0.00553865433391
Heliat,0.0
Blida,0.0122918628092
New_Dallas,0.0206148357168
Verde,0.00296155085765
Taga,0.00529298458895
Asuncion,0.00743847776466
Achnoly,0.0169863115624
Bandora,0.0098497512411
Corodiz,0.000921829228335
Sunnywood,0.00217874498261
Larsha,0.00260470305896
Gypsum,0.00803693188685
Battaraigi,0.00465888579198
Eigerland,0.00309310345117
Menkib,0.00110929509069
Kreller,0.00424461866394
Denbar,0.00413677235661
Apollo_(system),0.00444310680934
Fairfax,0.0351525379342
Carvajal,0.0
Bonaire,0.0128873869833
Oli,0.00857173611589
Demeter,0.0073696077727
Naco,0.0013765899165
Grobin,0.00451294753361
Salem,0.0037640855346
Kobe,0.00333714172435
Lemnos,5.61341111276e-08
Palmyra,0.00140127628725
Loparri,0.00373572131867
Phalan,0.0103325879148
Viribium,0.00032610818267
Benedict,0.0040496632937
Edwards,0.00357908164264
Alshain,0.000718412543523
Drask's_Den,0.00286673693361
Rochelle,0.0318453827411
Tallassee,0.0138446176958
Valencia,2.69443733412e-06
Mangzhangdian,0.000992770298433
Itrom,0.00128007873493
Lengkong,0.00390713389483
Auldhouse,0.00763205535938
Svelvik,0.00101378904542
Praxton,0.00396964611827
Barlow's_Folly,0.00793834486733
Ichmandu,0.000651585029978
Ryerson,0.00464262349244
Esztergom,0.00694015411334
Hoff,0.00620337878412
Wantorill,0.0154748596648
Cyrenaica,0.0129867480434
Awyron,0.00207584981012
Furud,0.00442156985151
New_Macao,0.00968481260938
Mayadi,0.00570526606637
Radostov,0.00494240955913
Kiserian,0.00227186789175
Barlow's_End,0.0104656911849
Woogi,7.41189283237e-05
Crossing,0.0136361646967
Monroe,0.0167061397411
Yardley,0.0155401679101
Boeotia,0.00953882248115
Enzesfled,0.00174738627613
Sodus,0.0100879973613
Rijeka,0.0019266258315
Zebuluraskai,0.00123903104102
Namen,0.00874663342395
Loeches,0.00164935678439
Kaus_Australis,0.0110138698649
Kennard,0.00443215261742
Lungdo,0.0114614749907
Jonzac,0.00417712898774
Booker,0.00344531164455
Black_Earth,0.00125938003175
Lothario,0.00321311652094
Tarol_IV,0.00429389120338
Hiberius,5.51985426088e-07
Vulture's_Nest,0.00259780325083
Paulding,0.00102991674194
Amu_Darya,0.00102364818017
Bremen,0.00128659382704
Rzhishchev,0.00290225335562
Hobbs,0.00996074288033
Mitchella,0.0019063459036
Du_Lac,0.00431850782073
Chakachamna,0.0118369466486
Gniezno,0.00149252397695
Handa,0.0139467893822
Samantha,0.000253968037232
Amity,0.00265346299885
Lintz,0.0232315973957
Fronc,1.12268222255e-07
Ariel,0.0103450971287
Ramsau,0.00432060669951
Goodna,0.0121486225532
Reinbak,0.0
Aconcagua,0.00235541037072
McEvans'_Sacrifice,0.0
Caesaera,0.00265946816208
Farwell,0.00468786844193
Murchison,0.00619807931863
Glory,0.0
Kannon,0.0122239316643
Teyvareb,0.00804575242583
Siendou,0.00919110381029
Alta,0.00918982770394
Karlstejn,0.00413506907003
Kandersteg,0.00262797302034
Nyserta,1.12268222255e-07
Millray,6.45924156154e-05
Truth,0.00819819997811
Landmark,0.00167859184644
Qurayyat,0.01587407192
Kilarney,0.0096196430223
Zalaf,0.012026641864
Minowa,0.0154990936713
New_Stevens,0.00725492643836
Brixtana,0.00465719529837
Paches,0.00206066171077
Synsstad,0.00313000151998
Kawich,0.0076628562672
Mackolla,0.0
Petrolia,0.00126951845973
Castrovia,0.00738307592444
Java,0.00821326548452
Tall_Trees,0.0135627418024
Dania,0.0
Baliggora,0.0211881562237
Cambiano,0.00797608149621
Valabhi,0.00048732650168
Ukunela,0.011065715744
Merowinger,0.000126583824827
Ellengurg,0.00439201334776
Viroflay,0.0
The_Edge,0.00669895427831
Borka,0.00202094289679
Vipaava,0.00805239581195
Lynchburg,0.014221603408
Karachi,0.00116732602918
Futuna,0.00129549226835
Medellin,0.00365718860696
Kirkenlaard,0.000855723232165
Cygnus,4.49072889021e-07
Kublenz,0.00394732701962
Dormandaine,0.000795460534119
Deweidewd,0.00972465608097
Cascade,0.0015479193373
Lackland,0.000756577907343
Bob,0.0139031231874
Keeling,0.0046223595528
Waunakee,0.000656915598932
Mithron,0.00049152492801
Domain,0.00894046223323
Kentares,0.00115067003673
Coldbrook,0.00127850034172
Engadin,0.00606229196271
Etiler,0.0255362837468
New_Ålborg,0.00778718212487
Annunziata,0.00198558337318
Wolcott,0.000251243978024
Mazdru,0.00257919522238
Tsingtao,0.00771526935571
Emporia,0.0363076152346
Davisville,0.00431711382384
Grosvenor,0.00433766859835
Manassas,0.018425204467
Altais,0.010316613512
Altair,0.00978165025573
Mica_VII,0.0
Haappajarvi,0.00953936384064
Kirei_Na_Niwa,0.0256357870652
Scarborough,0.00238898219065
Fefferfer,0.00816311169153
Sarikavak,0.00588569663569
Zlatousi,0.0111885408132
Cyrton,0.000229896891383
Imbrial_III,0.0185531552961
Swartklip,0.00136802940183
Biloela,0.00836895587244
Bicester,0.00918025126884
Mickleover,0.000643521449967
Caracol,0.00258113699358
Thuban,0.000519374179024
Abejorral,0.00769081694241
Mararn,0.0010484037815
Arkab,0.00932913361294
Hergazil,0.000648119410967
Myrvoll,0.0200813431708
Abbeville,0.00122664971227
Porthos,4.08356875009e-05
Ito,0.00330885470778
Korramabad,0.0
Ascella,0.00404956514252
Hahira,0.00264608529557
Gambarare,0.00561274248503
Franklin,0.0113516159748
Adrian,0.00265278553165
Mavegh,0.00433393406947
Kansu,0.00530111042904
Morven,0.00293969224199
Kaumberg,5.17047753306e-05
Dichell,0.0
Bell,0.00288252846779
Memphis,0.00208641652166
Buena,0.00288224718329
Ruschegg,0.00345008222378
Sakhalin_(CC),0.00717936895142
Afleir,0.00498136273841
Upano,0.010179995628
Brim,0.0
Svarstaad,0.00228483749245
No_Return,0.0123096857888
Kievanur,0.0120866112899
Vaajakoski,0.0166417745838
Saltville,0.00549221565215
Tyrfing,0.0134635820049
Chitwan,0.00317763064179
Sargasso,0.0201460127844
Aodh,0.00138400230011
Noisiel,0.0163687062036
Heidelburg,0.000643521449967
McAlister,0.0202848048534
Sierra,0.0052862826034
Quatre_Belle,0.011494191901
Versailles,0.00480404241509
Necromo,0.00576845411132
Cimeron,0.00621326564057
Mas,0.0
Jonathan,0.00702205750051
Watermael,0.00791290011698
Ramona,0.00364916123575
Ulan_Batar,0.0222838185475
Idrmach,1.0104140003e-06
Acoma,0.00964276811674
Nadrin,0.00364681552147
Vendrell,0.00368670422167
Lindassa,2.2453644451e-07
Sindalin,0.00542254682818
Fallry,0.000195558456778
Tamaron,1.34721866706e-06
Pokhara,0.0132119723245
Inarcs,0.00785313555081
Valentina,9.05952120851e-05
Blommestein,0.00142400973045
Vannes,0.0
Derby,0.000421208341245
Yangtze,0.00966506851394
Recife,0.00315170508561
Die_Moot,0.00105094284027
Rajkot,0.00183449651757
Bondurant,0.00530541973094
Wokha,0.00036006102471
Styx,0.00499783165203
Vaucluse,0.00256493003548
Brocchi's_Cluster,0.00109202183314
Styk,0.0137019273602
Xinyang,0.00282726724315
Zanbasa,0.0
Great_X,0.0102962382505
Malazan,0.019677385117
Tathis,0.0
Ciotat,0.0020052607179
Zaniah,0.00168680951935
Katinka,0.00142887994069
Appian,0.00192921713123
Pell,0.00311656189904
Rosepine,0.000238935546021
Symington,0.0220581277751
Budingen,0.00910010803596
Birmensdorf,0.00379720327677
Tetersen,0.00342079936549
Genoa,0.00172609695849
Victoria_(CC),0.000441923564933
Weiz,0.00243724919482
Kawabe,0.00212898038615
Pietermaritzburg,0.00193762330721
Yidtall,0.0
Coloma,0.00394758191577
Pingree,0.0068947918067
Nox,0.00993210701474
New_Venice,0.0
Champadanga,0.0148248221234
Koumi,0.000958861262722
Flintoft,0.00739928470742
Shaula,0.0115734329356
Fortymile,0.0116593851585
Starshine,0.0100521456905
Ryan's_Fate,0.00147694306753
Wrentham,0.00196509629421
Declan,0.00697518999076
Hillerod,0.00196180917407
Shinonoi,0.00444329567767
Amiga,0.0128824763914
Christiania,0.00338942337471
Kimball,0.00938412890176
Brisbane,0.000498068242547
Las_Tunas,0.00101445136896
Megaris,0.000395535562424
Kossandra's_Memory,0.0018232336268
Yance_I,0.0100259381948
Bjornlunda,0.00153733913396
Shaunavon,0.00150208554026
Skat,0.0046427932297
Sialkot,0.00425483814187
Lothair,0.00570209786885
Griffith,0.0103188635235
Park_Place,0.00124745526238
Blue_Sava,0.00948016816422
Lancaster_(FWL),0.012123274233
Edasich,0.0140281446991
Shira,0.00481124496375
Valerius,0.00480240058249
Ingonish,0.000252532008058
Estuan,0.00393871783419
Sterlington,0.000777071789918
Turko,0.00902545979146
Macintosh,0.00358650909442
Tuamotu,0.00508228429426
Zion,0.0019640399459
Meinhof,0.0127591466906
Antias,0.00273563255373
Mandaoaaru,0.000928167928452
Jesenice,0.00190777073107
New_Aragon,0.0129089693393
Sertar,0.00806769945311
Volders,0.0140066016851
Mokane,0.000495510513891
Wallis,0.00923907590458
Swales,0.00735687564015
Kiamba,0.00670269047802
Ling,0.0102503983341
Zefri,0.000724217912293
Kristiandsund,0.00292033475568
Chapultepec,0.00260591395884
Numenor,0.00621147108881
Mizar,0.00493397625326
Ardoz,0.013498010849
Maderas,0.0017451453905
Freedom,0.00985962332372
Gorgon,0.00257139136253
Gunthar,0.00164266902842
Mauripur,0.00199551210643
Krakatau,0.00408899894995
Parakoila,0.0134695572508
New_Rhodes_III,0.00198668615502
McKenna,0.0029872510161
Carcassonne,0.0252760454656
Gibson,0.00201163140543
McKellan,0.0335294643894
Marlette,0.00807334627502
Brank,0.0027649946002
Ingress,0.00254225913761
Moultrie,0.000525549356934
Carstairs,0.0090074675824
Alma_Alta,0.00505907103295
Tiskilwa,0.000599626882184
Graus,0.00824058264891
Corydon,0.000780853740884
Sevon,0.0124062597172
Aomen,0.00393764762798
Coriscana,0.00116054479866
Ishtar,0.00104837479195
Palm,0.00175373439008
Elbar,0.00274526593909
Tainjin,0.00431776156918
Bastrop,0.00252100155958
Addhara,1.79629155608e-06
Tiruppur,0.0105829513285
Várri,0.0
Huesta,0.00647628543724
Miyazaki,0.0178035800186
Bannerhoft,0.0
Simpson_Desert,0.00414754091152
Waldheim,0.000895591198081
Clovis,0.00878986701436
Chapineria,0.000626541851177
Haddings,0.00892853209232
Noh-wan_Hohm,0.0158220482609
Bobruisk,0.0197360852602
Alegro,6.08504411746e-05
Belgae,1.0104140003e-07
Puttalam,0.0011267124454
Paulinus,0.0
Saunemin,0.0189201459094
Beta_Mensae_V,0.0129122725291
Memmingen,0.00355959238608
Dì-fang,0.00234519934183
Arundel,0.000429127972154
Gouderak,0.00403183606273
Gannett,0.00894637517793
Beta_VII,0.00165832175199
Dieudonne,0.00356973257872
Shenwan,0.00203197671681
Csesztreg,0.00742589477834
Tokasha,0.0
Hohenems,0.00650895684185
Wotan,0.001471772979
Naissus,0.00447853584056
Nichol's_Rest,0.00472222177222
Grunwald,0.017754562952
Donegal,0.0193784600894
Hinckley,0.00530496481966
Snailzar,0.00849679529058
Valasha,0.00074485333778
Halifax,0.00149917890572
Mattisskogen,0.00317017337652
Maynard,0.00319751288971
Annapolis,0.0069474775241
Weingarten,0.00427369586053
Inman,0.000973003798561
Lackhove,0.00342925882136
Hortense,0.00289539205553
Kolovraty,0.00322787733716
Milligan,0.00394679916251
Pascagoula,0.00343511937809
Segerica,0.002766829413
Tiflis,0.00335501226867
Bruben,0.0014246807278
Dustball,0.000764748975443
Kentwood,0.000204590762854
Aberystwyth,0.00440708199543
Bromhead,0.00111313116769
Sheliak,0.0044903422913
Urich,0.0162131354027
Harsefeld,0.00229977105865
Yed_Posterior,0.0166043978173
Sikkim,0.000550756876167
Stafford,3.36804666765e-06
Ngake,0.00259498636589
Nathan,0.00589995590385
Bougie,0.0011743853338
Launam,0.0104580311761
Kokpekty,0.000551557024924
Darwendale,0.002653905961
Stirling,0.00471640426626
Basantapur,0.000592059384351
Kaznejoy,0.00405471899858
Ingvolstand,2.2453644451e-07
Tengil,0.00266338282906
Slocum,0.0149706753044
Tranquil,0.0
Dili,0.00560982709531
Yufu,0.00764525020396
Stanzach,0.0150887581288
Nashira,0.00606797726408
Ogilvie,0.00248716025325
Weldry,0.000340174513247
Principia,0.00271023433769
Diass,0.010195195445
Goat_Path,0.00280978785772
Colchis,0.0
Hammer,0.00204332246395
Hornir's_Keep,0.0365387483324
Lone_Star,0.0134522549474
Hongqiao,0.00367464387652
Roscoff,0.00683672122011
Susquehanna,0.00227064776274
Senftenberg,0.00872638245197
Koulen,0.00554958662043
Wallacia,0.0074946451857
Duxford,0.00167844220161
Algate,0.000985657391394
Caillinius,0.000643521449967
Lindenmarle,0.00521821632009
Svalstad,0.00321311652094
Babaeski,0.00148198140467
Sadachbia,0.0181550611662
Krin,0.00622509039876
Pompey,2.80670555638e-06
Navarre,3.36804666765e-06
Cerignola,0.000549818115669
Weippe,0.0161867141079
Westerhand,0.00369226814822
Larned,0.00796473702826
Buenos_Aires,0.00348783946542
Baxley,0.0041818715229
Conroe,0.001387992034
Blackjack,0.00374042109431
Meacham,0.00397448178037
Tchamba,0.00321282460424
Ramgarh,0.00117460404009
Addasar,0.0
Ashley,0.00145312337722
Mozirje,0.00633933671155
Morrill,0.00244509242541
Jászberény,0.00935566196837
Apriki,0.00856286766949
Durabon,0.00175091784301
Hot_Springs,0.00355693479212
Merlynpede,0.000469567493832
Zertarum,0.00669624931942
Apolakkia,0.0113945797289
Summer,0.0136426370105
Belluevue,0.0153860755968
Oyevaina,0.00655928103151
Last_Frontier,0.00209016551288
Gronholt,0.000652808197829
Ewanrigg,0.00590605545525
Sax,0.0016263839485
Parian,0.000480086941585
Hustaing,0.00565074363653
Khi,0.0108620085992
Glabach,0.000357195788135
Alpha_Eridani,0.0026171559264
Shalaine,5.6856699397e-05
Tomans,0.0026831641799
Outpost,1.57762333001e-05
Chaffee,0.0132152850762
Ankolika,0.000190815717833
McRae,0.000741262012161
Wedderborg,0.00557990946693
Nyasa,2.2453644451e-07
Tallmadge,0.00267899401199
Albalii,0.00424680864918
Liezen,0.00235909543187
Junction,0.020056753939
Castile,0.0
Finse,0.00497722418899
Haerhbin,0.0107754155361
Mackenzie,0.00587931774908
Sinope,0.00300674681645
Coopertown,0.0
Almunge,0.00216462357938
Gacrux,0.024942719347
Mississauga,0.0018879796896
Gillfillan's_Gold,0.00466943387617
Rasalgethi,0.00216226095766
Arluna,0.000927057147832
La_Ligua,0.000186780431364
Campertown,0.0118371531705
Steinhatchee,0.0037458368037
Skyfog,0.0
Gei-Fu,0.0123149150465
Helm,0.00603801814231
Muridox,0.00172117484811
Seginus,0.0219964455345
Chebanse,0.0054350153688
Atreus_(Clan_planet),0.0
Kelang,0.0115486982686
Mentasta,0.00159227654222
Paulus_Prime,0.00233546520981
Jesup,0.00545070351138
Waddesdon,0.00892269371502
Galedon,0.00780282281627
Hyde,0.0471394249018
Bluford,0.00519484240577
Aldertaine,0.00639762274773
David,0.00135858107304
Montsegur,0.00293116971008
New_Praha,0.00024233696348
Caria,0.00327185511042
Tarkio,0.0128072894598
Logan's_Land,0.000526917549937
Telos_IV,0.0106095849306
Accrington,0.00477337251692
New_Mendham,0.0237385605657
Valois,0.000127864064258
Flushing,0.0381088592792
Dickinson,0.00808103427938
Menke,0.0041494102835
Nara,0.00276580163695
Marlowe's_Rift,0.00423739073204
Delavan,0.00792935248874
Outreach,0.00338370774402
Argos,9.34920959321e-07
Calseraigne,0.00149468727113
Predlitz,0.00273085062903
Kaiyuh,0.0123405062374
Kittery,0.00532232408798
Traussin,0.000297047623902
Firgrove,0.00750615251971
Barahona,0.000496385401993
Xenia,0.00688650179783
Pella_II,0.00663117484641
Ictus,0.00363147787939
Waycross,0.00612347038075
Laconis,0.00231386814367
Calafell,0.00131220351257
Repulse,0.00344728314862
Wright,0.011762975599
Flatspin,0.000286183438866
Danxian,0.000696638314175
Galax,0.00457946821648
Torgvei,0.000139001642263
Bountiful_Harvest,0.00106686501589
Burton,0.000305121698926
Ovan,0.00636304313423
Lima,0.0238057550973
Willunga,0.00149834809066
New_Home,0.00738712123989
Asta,0.00247666129275
Somerset,0.00668767464287
Kirbyville,0.00779964336191
Electra,0.00627364578282
Paf,0.000995525423231
Acubens,0.0186096142912
Nizina,0.00578634328759
Dreadlord,0.000967721080325
Mohács,0.00311064593172
New_India,0.00510088669569
Duantia,0.00223611098256
Ruchbah,0.00820421462596
Loyalty,0.0106517746183
Tirabad,0.0
Culmia,0.00274469804064
Surcin,0.00156070532442
Colinas,0.00988767170436
Decatur,0.00506211005975
Pierce,0.0117183585321
Royalston,0.00951422078262
Narellan,0.00753852141598
Marodzi,0.0043240540913
Almach,0.0161773479575
Monhegan,0.00345840288753
Szombathely,0.00378029136227
Aldrecht,0.00122811916181
Stein's_Folly,0.00725344802535
Mercedes,0.011168261053
Alioth,0.0122283482492
Ottumwa,0.00172064463263
Lindsay,0.00543577037554
Kostinbrod,0.00211626191744
Denizli,0.00815676604419
Shipton,0.0
Bucklands,0.00223653761397
Glengarry,0.00179179589286
Calloway,0.0127425518564
Romulus,0.00166002987103
Mitchel,0.00302181655879
Kikuyu,0.00354318752107
Smithon,0.000283839237113
Bell_(OA),0.0263067784232
Aquileia,0.0298769842415
Devil's_Breath,0.0152346492474
Odawara,0.0146280478832
Shawnee,0.00298048399241
Paris,0.00126302338519
Oligar,0.00658205555744
Mezzana,0.00558528470627
Olafsvik,0.00678148070607
Fatima,0.00884874453394
Karston,0.00637545536479
Monywa,0.00121659809401
Immenstadt,0.00688710609672
New_Hessen,0.00280985946663
Daniels,0.00913058282081
Pencader,0.0103797758793
Bone-Norman,0.00264299684738
Tarazed,0.00711623286041
Independence,0.000643521449967
Daneshmand,0.0045072695159
Luzerne,0.00334925663253
Carmacks,0.00502125307608
Engadine,0.0014648595292
Leiston,0.00779869391556
Alexandria_(CC),0.00328459151827
Land's_End,0.000655046752011
Xanthe_III,0.00245321137797
Yamarovka,0.00161029446775
Caledea,0.00108442702314
Vorarlberg,0.000951228247011
Monistrol,0.00436488404589
Khon_Kaen,0.00100810092051
Homer,0.0
Saginaw,0.00303599760372
Halfway,0.0156952042817
Primus,0.00197292109657
Fredotto,5.61341111276e-07
Gladius,0.0173584575138
Triesting,0.0336033542354
Wroxeter,0.0259153850295
Mayenne,0.00102796114515
Vibrunum,0.00555770886821
New_St._Andrews,0.0
Apsalar,0.0
New_Syrtis,0.00863992502835
Offerman,0.00361530687346
Sullivan,0.00194609120859
Goetville,0.0031024273424
Manteno,0.00444255332019
Covington,0.00673958586833
Kyeinnisan,0.00396781723199
TJ239H2,0.0
Ramen_II,0.0131675156719
Grossbach,0.000778099683024
Shensi,0.00298147381228
Crestoblus,0.00584553876267
Mermentau,0.000788991541553
Unity,0.00634148450909
Kaitangata,0.00862071362568
Jenet,0.0149806466404
Corridan,0.012578855702
Sian,0.00923122699021
Evansville,0.00866038322073
Gorfynt,0.0019873374323
Hood_IV,0.00251354444451
Linden,2.19999224e-06
Groveld_III,0.00209485122178
Brinton,0.0026370889138
Sakhalin_(LC),0.00975020978931
Nekkar,0.00595970071213
DeWitt,0.00913933998933
Geifer,0.0028033738746
Macomb,0.0107221064042
Chouli,0.00546548266388
Tazaraki,0.0111489909912
Duxfort,0.0133350494957
Richvale,0.00345825583536
Risin,0.0115520059824
Seiduts,0.00105413931029
St._Loris,0.00292777387263
Florida,0.000636048175988
Isesaki,0.000103406832007
Candiear,0.00440406487585
Gingeria,8.96218664322e-06
Fieferana,0.0111800895309
El_Giza,0.00561038525804
Thibodaux,0.00106865681003
Sierpc,0.00539204919349
Ningpo,0.00228750973479
Thessalonika,0.00250542095068
Azur,0.000616982097226
Kwangjong-ni,0.00273029679432
Callison,0.00701363021014
Modesto,0.0
Atzenbrugg,0.000707448973821
Sverdlovsk,0.00363909659017
Gillingham,0.000761544861529
Anglia,0.0
Tatsuno,0.00524136906721
Panpour,0.000550522516835
The_Rock,0.00332039124086
Werfer,0.00435934654444
Kockengen,0.0052305605501
Curaumilla,0.00209003022906
Zara,0.00398039627969
Cirebon,0.0160574461769
Muphrid,0.00350161603381
Dicallus,0.000647929565098
Ilion,0.0241139577099
Drienfontein,0.00284751799833
Birqash,0.0195861553527
Revel,0.0
Turin,0.00516233509376
Feltre,0.00213755146606
Blueys,9.72270223895e-06
Xi_Ursae_Majoris,0.00578184984343
Remulac,0.00377831601485
Yunnah,0.00367644529758
Lyceum,0.000829970060395
Schererville,0.00566570010428
Koskenkorva,0.000157682572282
Mansfield,0.0260078498609
Gaul,3.36804666765e-06
Montmarault,0.00266545759701
Robsart,0.00338663772757
Trondheim,0.00151875755236
Dompaire,0.000361834786623
Bainsville,0.0244206014662
Mica_V,0.0
Susulatna,0.00405741181917
Islamabad,0.00560551409617
Eleusis,0.00328513823786
Tatopani,0.00299415647525
Belladonna,0.00899470053009
Sternwerde,0.00550924573968
Bassfield,0.000315052176187
Saravan,0.022923361153
Helixmar,0.00258030523067
New_Florence,0.00815214585556
Mica_I,0.0
Matamoras,0.00993561488726
Zaprudy,0.00355594567965
Ylemelke,0.00364318532481
Melilla,0.000518227166267
Aggstein,0.00821226188481
Thasos,1.87113703759e-07
La_Blon,0.0131326661375
Kerensky's_Vision,0.0158135365843
Cammal,0.0134174813307
Hickok,0.00867298701723
Blandou,0.00153833390713
Belamor,0.00135745058098
Albaracht,0.0
Techne's_Revenge,0.00317101573309
Otisberg,0.00481304254878
Elba,0.00280035019989
Barstow,0.00673107265146
Zolfo,0.00541181514811
Niquinohomo,0.00776714224523
Norfolk,0.000753175489469
Johnsondale,0.00451788384903
Sackville,0.000674497023311
Zambezi,0.00309439932888
Manihiki,0.013124175659
Babuyan,0.0224546221451
Dhaulgiri,0.00399368566018
Weistheimer,0.0
Veckholm,0.00368187214304
Emris_IV,0.00371451591288
Colmar,0.00138100487531
Aosia,0.0104012213021
Marcus,0.00219116975156
Multan,0.00312849779152
Helvetia,2.88155103788e-07
Labrea,0.00705028863867
Botany_Bay,0.00532742185325
Asturias,0.0
Milnerton,0.00324730500131
Merak,0.00311526513216
Zwipadze,0.00561569071254
Premana,0.00343700104668
Zetang,0.0105070298919
Whittington,0.0290432180733
Texlos,0.0044879824559
Ubangi,0.0
Altoona_(FS),0.00320822039236
Circinus,0.00187759323777
Sichuan,0.00260050086285
Palladaine,0.00551407470196
Ventabren,0.0196760866928
Washburn,0.00470087011621
Cordiagr,0.0114120303586
Joyz,0.00324167548226
Pondicherry,0.000579990542421
Dowles,0.00126436035445
Tecumseh,0.00771012763601
Cotocallao,0.00441250430774
Jamestown,0.000609819343074
Franmalin,0.0
Atreus,0.0142767118687
Scheat,0.0130695988572
Kupang_(RWR),0.00310744009597
Cerillos,0.0016919494211
New_Hope,0.00084579149574
Tangua,0.00213791320463
Flynn,0.00429086945701
Kurhah,0.00430608848033
Bellevue,0.00200128490121
Dumassas,0.00324085788107
Darius,0.00989379817024
Adhafera,0.00465888295367
Loburg,0.00134441978404
Gitarama,0.000294552731473
Nakaojo,0.0114754434901
Altorra,0.0017655034384
Crichton,0.0164975295364
New_Exford,0.00101428052056
Arcadia_(LC),0.0202595208525
Sawyer,0.00796756375235
Bellatrix,0.00403458276923
Harrow's_Sun,0.000910042580707
Sparta,0.0102713407876
Niihau,0.000758362698786
Hesperus,0.00206414690399
Tordenskjold,0.00139294925626
Listowel,0.0117391839679
Hainfeld,0.0122525127975
Florarda,0.00171923302881
Schwartz,0.0
Kitzingen,0.0219965517634
Marawi,0.00496274984602
Windhoek,0.0
Choex,5.47477852424e-05
New_Westin,0.00412415641431
Yumesta,0.00812692066142
Jatznik,0.0197622395508
Sylvan,0.016467585874
Matar,0.0318306987356
Uravan,0.00304607307607
Madiun,0.00442793409303
Vicente,0.0124088401341
Elidere,0.00823957846905
Altenmarkt,0.0138831063737
Mytilene,0.00376790665861
Herbania,0.00291270043743
Csomad,0.00175007365437
Lost,0.00879466795871
Zosma,0.00515495134272
Cylene,0.00642699471024
Nouasseur,0.00467723342867
Scudder,0.00573044291969
Trondheimal,0.00299202175919
Ionus,0.00582439830578
Brockton,0.00278018513696
Bryant,0.00781189671791
New_Delphi,1.24243499296e-06
Indicass,0.0105025596811
Lambrecht,0.00628013587108
Wiltshire,0.00535557172724
Beauvais,0.0019504660402
Falsterbo,0.00348353934986
Breukelen,0.0117911972011
New_Oslo,0.00385443165898
Vanern,0.00728718798925
Ridgebrook,0.00133811573346
Ceuta,0.000128072980871
Wyeth's_Glory,0.00292382381068
Remshield,0.0225803419268
Howick,0.000454266124014
Solor,0.00248143064582
Shuen_Wan,0.00329850212596
Abushiri,0.0111921469956
Kutludugun,0.00168354148544
Brownsville,0.00506740901468
Kendall,0.00290650681247
Salisberg,0.00257139136253
Nullarbor,0.00529962214352
Plymouth,0.0190504690677
Nukus,0.00985169072062
Fable,0.00409070706227
Weisau,0.0169018171132
Lovinac,0.00157370658814
León,0.0
Gulf_Breeze,0.00414400018936
Athna,0.00227032547046
Altona,0.00160278895794
Osset,0.00577370950189
Crawford's_Delight,0.0
False_Dawn,0.000618617101472
Niles_(Clan),0.0
Guatavita,0.00175271927085
Woodstock,0.00196642735599
Khartoum,0.0101633442216
Graham_IV,0.00290683769801
Adherlwin,0.00480324672335
Keystone,0.0101419773668
Nunivak,0.00794028023544
Dralkig,0.00629602091755
Bhykov,0.00523922046161
Esteros,0.00399676821435
Beten_Kaitos,0.0167120655815
Herrmaz,0.00246406063943
Glenlivet,0.0201514832792
Kirchbach,0.000718650276105
Artru,0.000290619330925
Waldorff,0.0133015415098
Lurgatan,0.00614426763449
Domeyko,0.00212505796518
Vecchio,0.0201565386328
Protection,0.0164080878705
Qanatir,0.00328462866549
Meilen,0.0303963517104
Van_Diemen_IV,0.00632554214194
Evciler,0.00105154134268
Sartu,0.00108518062969
Arcturus,0.00934312633776
Ceiba,0.000254228669618
Gravensteen,0.0121331956747
Detroit,0.00257139136253
Strandfontein,0.00266977969364
Safe_Port,0.00227298123358
Wingzar,0.00232707648766
Dnepropetrovsk,0.0111785852399
Regis_Roost,6.04325172847e-06
Bella_I,0.00383511777739
Zempoatlepetl,0.00488910408726
Waxell,0.00362788665633
Kwamashu,0.00506265769418
Rasalhague,0.00607697278644
St._Ives,0.00575160394678
Greeley,0.0119991451237
Armington,0.00215737353974
Kirin,1.34721866706e-06
Cohay,0.000513085809652
Thannhausen,0.00297764542025
Mauckport,0.00383306471149
Lacadon,0.00443307081663
Diedre's_Den,0.00389052795938
Heathville,6.19741996767e-05
Halmyre_Deans,0.00172753919448
Harmony,0.00176439968874
Nogales,0.00768966540499
Kazanka,0.00253468440591
Prydain,0.00626451526918
Hephzibah,0.00154155549217
Pocologan,0.00547768285426
Olancha,0.0131453895891
Jiddah,0.00535223552332
Chota,0.0131332156308
Sheratan,0.00356339794636
Omagh,0.00415957878935
Reisterstown,0.00215361098663
Linneus,0.00431166525331
Maripa,0.0015724935911
Rondane,0.0
Quentin,0.00559737396384
Irian,0.013682196421
Tantara,0.00215229285421
Marik,0.0113637901688
Minderoo,0.00155669079456
Buckminster,0.00484976606115
Morningside,0.00106281325244
Kinkaid_II,0.00950586914632
Kujari,0.00962455018032
Milton,0.0112430600419
Dar-es-Salaam,0.00394575135891
Imalda,0.00567938197348
Soverzene,0.0124274168742
Kwangchowwang,0.000362547287342
Jezersko,0.0117276605945
McAffe,0.00476143752221
Preston_(FWL),0.0044851592096
Nerum,0.00104995269922
Taran's_World,0.000567133104101
O'Fallon,0.00527531647828
Brusett,0.00126606615842
Melville,0.00493981884118
Dover,0.0285872091036
Organo,0.00158823657661
Emar,0.000737806441062
Bogard,0.000402489491815
Manx,0.0150889008041
Myrrdin,0.0110731704502
Alkalurops,0.00800210485736
Azha,0.00370646891471
Coromodir,0.0
Melcher,0.00876527629422
Thun,0.00101020256859
Harminous,1.12268222255e-07
Remagen,0.00281002516358
Pilpala,0.00147480467494
Steelton,0.0148631876991
Rapla,0.000452072642533
Uzhgorod,0.0186233134548
Kountze,0.00682449822378
