Feijo,0.00167504187605
Mondra,0.00100502512563
Hazelhurst,0.00134003350084
Saffel,0.00670016750419
Kogl,0.00201005025126
Roche,0.000335008375209
Minnacora,0.00603015075377
Enders_Cluster,0.00234505862647
Baltar,0.000335008375209
Kyrkbacken,0.00636515912898
Northsun,0.00134003350084
Denebola,0.00871021775544
Eden,0.000335008375209
Talitha,0.00301507537688
Krievci,0.000670016750419
Ballentine,0.00268006700168
Diik,0.000670016750419
Midthun,0.00469011725293
Beecher,0.0036850921273
Gacrux,0.00435510887772
Carbonis,0.0036850921273
Schrim,0.00167504187605
Tallin,0.00536013400335
Beta_VII,0.000335008375209
Thirty_Weight,0.00268006700168
Alya,0.000335008375209
Nykvarn,0.00167504187605
Tatlawiksuk,0.00134003350084
Jeju,0.000670016750419
Toch_Zu,0.00569514237856
Sanda,0.00201005025126
Okefenokee,0.00100502512563
Hell's_Paradise,0.00268006700168
Ballynure,0.00268006700168
Sparrevohn,0.00201005025126
Ferreusvirgo,0.00167504187605
Merlin,0.00469011725293
Bothwell,0.00268006700168
Brundage,0.00201005025126
Albiero,0.00268006700168
Jacson,0.00435510887772
Reinhardstein,0.00201005025126
Huan,0.00201005025126
Conquista,0.00402010050251
Gangtok,0.00100502512563
Krung_Thep,0.00167504187605
Kilmarnock,0.00234505862647
Ulan_Bator,0.00469011725293
New_Athens,0.000335008375209
Nashuar,0.00469011725293
Cole_Harbour,0.00301507537688
Goldlure,0.00134003350084
Coudoux,0.00134003350084
Laurieston,0.00234505862647
Dabih,0.00234505862647
Mizt,0.00335008375209
Viborg,0.00134003350084
Wazan,0.00301507537688
Santa-Ana,0.00167504187605
Hiratsuka,0.00268006700168
Maximillian,0.00100502512563
El_Dorado,0.00268006700168
Arcadia_(FS),0.00301507537688
Trentham,0.00234505862647
Moriguchi,0.00201005025126
Unkador,0.00268006700168
Mkuranga,0.00201005025126
Cerulean,0.00167504187605
Gei-Fu,0.00335008375209
Ferrara,0.00167504187605
Jabuka,0.00435510887772
Weekapaug,0.000335008375209
Atria,0.00469011725293
Ceram,0.00167504187605
Josselin,0.00234505862647
Mogabouti,0.000670016750419
Medron,0.000335008375209
Trell,0.00234505862647
Thraxa,0.000335008375209
Carmelita,0.00167504187605
Scauld,0.00134003350084
Palmyra,0.00201005025126
Hamal,0.00737018425461
Meinrad,0.00100502512563
Home,0.00268006700168
Andro,0.00402010050251
Westerstede,0.00402010050251
Quincy,0.00234505862647
Malagrotta,0.00134003350084
Nockatunga,0.000670016750419
Dicon,0.00268006700168
Teng,0.00167504187605
Klayne,0.00402010050251
Trznadel_Cluster,0.00100502512563
Kumqwat,0.0036850921273
Zelski_II,0.000670016750419
Howrah,0.00234505862647
June,0.00167504187605
Joppa,0.000335008375209
Benedict,0.00201005025126
New_Galicia,0.00201005025126
Chahar,0.00234505862647
Cresson,0.000670016750419
Nopah,0.00234505862647
Brighton,0.000335008375209
Ayn_Tarma,0.00234505862647
Shimonoseki,0.00100502512563
Viluisk,0.000670016750419
Sakhara_V,0.00402010050251
Cryfder,0.00100502512563
Hassad,0.000335008375209
Emerson,0.00201005025126
Satalice,0.00402010050251
Valdives,0.000670016750419
Halkidik,0.00234505862647
Marfik,0.00502512562814
Fletcher_(FWL),0.00301507537688
Antietam,0.000670016750419
Megiddo,0.000670016750419
Tetschner,0.000335008375209
Hódmezovásárhely,0.00301507537688
Togwotee,0.00335008375209
Morgan's_Holdfast,0.000670016750419
Westphalia,0.00234505862647
Skondia,0.00100502512563
Islington,0.000335008375209
Antwerp,0.000335008375209
Zoetermeer,0.00268006700168
Turov,0.00234505862647
Ayacucho,0.00134003350084
Tyrlon,0.00201005025126
Tabayama,0.00234505862647
Jardangal,0.000670016750419
Mandal,0.00268006700168
Oberon,0.00268006700168
Persistence,0.00134003350084
Wheel,0.00402010050251
Brihuega,0.00201005025126
Verlo,0.00234505862647
Pollux,0.00134003350084
Komephoros,0.000670016750419
Dell,0.00167504187605
Capricorn,0.000670016750419
Waini_Point,0.00201005025126
Lesnovo,0.00167504187605
Findal,0.00167504187605
Ironhold,0.00134003350084
Hyde,0.00301507537688
Winfield_(FS),0.00201005025126
Gruyeres,0.00134003350084
Dirk's_Gulf,0.000335008375209
Wrociaw,0.00201005025126
Algorab,0.00201005025126
Laurent,0.00167504187605
Giausar,0.00167504187605
Braben's_Frontier,0.00100502512563
Hurik,0.00201005025126
Kleinwelt,0.000670016750419
Köln,0.00201005025126
Lengkong,0.00100502512563
Dirkel,0.00100502512563
Ohrensen,0.00167504187605
Ballalaba,0.000670016750419
Ebensburg,0.00100502512563
Szepes,0.00268006700168
Shiro_III,0.00301507537688
Tresspass,0.000335008375209
Maxwell,0.00268006700168
Mosiro,0.00335008375209
Ormal,0.00167504187605
Shaul_Khala,0.00167504187605
Kenilworth,0.00167504187605
Monroe,0.000335008375209
Issaba,0.00201005025126
Sigurd,0.000335008375209
Caria,0.00134003350084
Arlington,0.00234505862647
Blackstone,0.000670016750419
Macksburg,0.00201005025126
Kanto,0.00134003350084
Maison,0.00201005025126
Porrima,0.00301507537688
Sharpe,0.000335008375209
Merope,0.00335008375209
Smolensk,0.000670016750419
Emar,0.00134003350084
Ludwig,0.00335008375209
Jászberény,0.00335008375209
Circe,0.00167504187605
Zaurak,0.00435510887772
Zuhbehr,0.00268006700168
Aspropirgos,0.00134003350084
Cameron_(LC),0.00100502512563
Ryerson,0.00402010050251
Eromanga,0.00234505862647
Danli,0.00100502512563
Kearny,0.000335008375209
Here,0.00167504187605
Basiliano,0.000670016750419
Alkes,0.0036850921273
Killarney,0.00201005025126
Helen,0.00134003350084
Kautokeino,0.00167504187605
Horatius,0.000335008375209
Andurien,0.00100502512563
Erdvynn,0.00167504187605
Vandalia,0.00201005025126
Camlann_(DC),0.0036850921273
Cheriton,0.00167504187605
Goshen,0.0036850921273
Hongor,0.00134003350084
New_Dallas,0.00201005025126
Rezak's_Hole,0.000335008375209
Hexare,0.000670016750419
Rodigo,0.00234505862647
Esztergom,0.00134003350084
Baltazar_III,0.00134003350084
Kanowit,0.00268006700168
Mendham,0.00234505862647
Euschelus,0.00167504187605
Umka,0.000335008375209
Bithinia,0.0036850921273
Kufstein,0.00234505862647
Hunan,0.00402010050251
Hoensbroek,0.00167504187605
Arganda,0.00134003350084
Moritz,0.000335008375209
Chiavenna,0.00167504187605
Agematsu,0.00134003350084
Carnac,0.00268006700168
Gravenhage,0.00134003350084
Derf,0.00167504187605
Tsinan,0.00167504187605
Shahr_Kord,0.000335008375209
Santander_V,0.000670016750419
Nightwish,0.00167504187605
Cursa,0.00201005025126
Deneb_Kaitos,0.000335008375209
Ingersoll,0.000335008375209
Dumaring,0.000335008375209
Bornal,0.000670016750419
Pliska,0.00201005025126
Al_Jubaylah,0.00134003350084
Marisura,0.00167504187605
Ferleiten,0.000335008375209
Sterope,0.000335008375209
Soilihull,0.00134003350084
Cerberus,0.00167504187605
Bordon,0.000335008375209
New_Valencia,0.00167504187605
Holt,0.00234505862647
Marshdale,0.00167504187605
Al_Na'ir,0.00301507537688
New_Ivaarsen,0.00134003350084
Kabah,0.00201005025126
Ward,0.00134003350084
Chatham,0.000670016750419
Menion,0.00402010050251
Junior,0.00201005025126
Clayborne_II,0.00134003350084
Angol,0.00268006700168
Dneiper,0.00234505862647
Alorton,0.00201005025126
Caldarium,0.00134003350084
Inner_End,0.00134003350084
Tincalunas,0.00201005025126
Chagos,0.00167504187605
Aitutaki,0.000670016750419
Gambier,0.000335008375209
Non_Diz,0.00134003350084
Memphis,0.000670016750419
Aragon,0.000670016750419
Von_Strang's_World,0.000670016750419
Raphael,0.000335008375209
Harpster,0.00167504187605
Clinton,0.000670016750419
Blandinsville,0.000335008375209
Schirmeck,0.00167504187605
Timehri,0.00268006700168
Windsor,0.00201005025126
Maldonado,0.00134003350084
Wittington,0.00234505862647
Balsta,0.00335008375209
Chalouba,0.000335008375209
New_Ceylon,0.000335008375209
Noatak,0.00201005025126
Aquavita,0.00201005025126
Mualang,0.00100502512563
Delos,0.000670016750419
Hirtshals,0.000335008375209
Borghese,0.00167504187605
Halla,0.00100502512563
Sigma_Mare,0.000335008375209
Luthien,0.000670016750419
New_Sarum,0.000670016750419
Nestor,0.000335008375209
Northwind,0.00100502512563
Meadowvale,0.00134003350084
Plataea,0.00167504187605
Bossangoa,0.00100502512563
Maxie's_Planet,0.00100502512563
Braunschweig,0.000335008375209
Tania_Borealis,0.00167504187605
Claybrooke,0.00167504187605
Tunlmar,0.00201005025126
Giverny,0.00100502512563
Awano,0.00167504187605
Laong,0.00301507537688
Westover,0.000335008375209
Cluff's_Stand,0.00100502512563
Ife,0.000335008375209
Sendai,0.00234505862647
Summit,0.00134003350084
Uhuru,0.000335008375209
Genf,0.000670016750419
Charleston,0.00134003350084
Alta_Vista,0.00100502512563
Fagerholm,0.00167504187605
Bushmill,0.00134003350084
Mirach,0.00167504187605
Bremond,0.00134003350084
Crellacor,0.00134003350084
Skvorec,0.00100502512563
Keihoku,0.000335008375209
Fjernet,0.00134003350084
Nusakan,0.00100502512563
Toffen,0.0036850921273
Pirates'_Haven,0.00100502512563
Colia,0.00100502512563
Trinidad,0.00167504187605
Danais,0.00167504187605
Angell,0.00234505862647
Canopus,0.00134003350084
Tedibyhr,0.00201005025126
All_Dawn,0.00201005025126
Finnalon,0.000335008375209
Avior,0.000670016750419
Ferris,0.00134003350084
Silver,0.000335008375209
Medzev,0.00134003350084
Valloire,0.00134003350084
Edmondson,0.00167504187605
Mariefred,0.00100502512563
Bad_News,0.00134003350084
Jasmine,0.000670016750419
Villanueva,0.000670016750419
Royal_Foxx,0.00134003350084
Turkalia,0.00201005025126
Dukambia,0.000670016750419
Caledonia,0.00100502512563
Dothan,0.00167504187605
Gallery,0.00167504187605
Placida,0.000670016750419
Lynn,0.000335008375209
Sodertalje,0.000670016750419
Flychenia,0.000335008375209
Dalmantia,0.00134003350084
Lamar,0.00100502512563
Talcott,0.000670016750419
Hermagor,0.00134003350084
Freisland,0.00167504187605
Pandora,0.000335008375209
New_Roland,0.00435510887772
Desolate_Plains,0.00167504187605
Pinard,0.00100502512563
Carsphairn,0.00201005025126
Storfors,0.00167504187605
Gorki,0.000335008375209
Addicks,0.000335008375209
Kitopler,0.00167504187605
Skandia,0.000335008375209
Izmir,0.000670016750419
Victoria_(FS),0.00167504187605
Semichi,0.00201005025126
Zanzibar,0.00100502512563
Quiberas,0.00134003350084
Achilles_(CC),0.000670016750419
Ourem,0.000670016750419
Venaria,0.000335008375209
Starshine,0.000335008375209
Keuterville,0.00201005025126
Devil's_Rock,0.000335008375209
Mogyorod,0.00100502512563
Paradise,0.000670016750419
Garstedt,0.000335008375209
Tamar,0.000670016750419
Nito,0.00100502512563
Teylingen,0.000335008375209
Rockland,0.00201005025126
Santiago,0.00100502512563
Novara,0.000335008375209
Brank,0.00100502512563
Quantraine,0.000670016750419
Morthac,0.00100502512563
Nihal,0.000335008375209
Alphard,0.000670016750419
Unzmarkt,0.00100502512563
Belaire,0.00301507537688
Kigamboni,0.00268006700168
Thestria,0.00167504187605
Bensinger,0.00100502512563
Orkney,0.000335008375209
Antares,0.000335008375209
Wypoute,0.000670016750419
Lushann,0.00134003350084
Repulse,0.00167504187605
Styriania,0.000670016750419
Eigerland,0.000670016750419
Konopiste,0.000335008375209
Elnath,0.000335008375209
Chertan,0.000335008375209
Grants_Station,0.000335008375209
Moore,0.00234505862647
Armstrong,0.000670016750419
Weitinger,0.000335008375209
Incukalns,0.000670016750419
Rio,0.000335008375209
Boardwalk,0.000670016750419
Deia,0.000335008375209
Conakry,0.00100502512563
Dayr_Khuna,0.000335008375209
Phact,0.000335008375209
Huaide,0.000670016750419
Restitution,0.00201005025126
Shimonita,0.00201005025126
Andiron,0.000670016750419
Tsamma,0.000335008375209
Ferranil,0.000335008375209
Murris,0.00100502512563
Ad_Duwayd,0.000670016750419
Foster,0.000335008375209
Caripare,0.00100502512563
Albion_(LC),0.00167504187605
Butler,0.000670016750419
Pasig,0.000670016750419
Odabasi,0.00134003350084
Second_Try,0.000335008375209
Pec,0.00201005025126
Annwyn,0.000335008375209
Fincastle,0.00100502512563
Blumenort,0.00234505862647
Mankova,0.000335008375209
Mejicanos,0.00100502512563
Carse,0.000335008375209
Ancha,0.000670016750419
Maule,0.000335008375209
Basalt,0.000335008375209
Kempten,0.00268006700168
Belacruz,0.000670016750419
Vicksland,0.000335008375209
Cogdell,0.00167504187605
Tsarahavana,0.00167504187605
Leamington,0.00100502512563
Ichlangis,0.000335008375209
Sornath,0.00134003350084
St._Andre,0.000335008375209
Pinnacle,0.00167504187605
Trasjkis,0.000670016750419
Zebeneschamali,0.000670016750419
Payvand,0.000670016750419
Capella,0.00100502512563
Horsham,0.000335008375209
Quemoy,0.000335008375209
Ueda,0.00134003350084
Nai-Stohl,0.000335008375209
Keytesville,0.000335008375209
St._Gall,0.000670016750419
Miyada,0.00100502512563
Sarna,0.000670016750419
Ziliang,0.00134003350084
Qalzi,0.00201005025126
Stratford,0.000670016750419
Chilung,0.00100502512563
Ugland,0.00134003350084
Dawn,0.00134003350084
Beta_Regulus_II,0.000670016750419
Althastan,0.000670016750419
Muroto,0.00100502512563
Carlisle,0.00100502512563
Pardeau,0.000335008375209
A_Place,0.00167504187605
Slaithwaite,0.00134003350084
Corella,0.000670016750419
Wernke,0.000335008375209
Molokai,0.000335008375209
Altoona_(LC),0.00201005025126
Boara,0.00100502512563
Ikast,0.000335008375209
Waycross,0.00201005025126
Alnadal,0.00301507537688
Pesht,0.000670016750419
Jouques,0.000670016750419
Herzberg,0.00167504187605
Stockpoll,0.00134003350084
Mesa_Verde,0.00234505862647
Thorin,0.00100502512563
Matsu,0.000335008375209
Asta,0.000335008375209
Gulkana,0.000670016750419
Turtle_Bay,0.000335008375209
Avranches,0.00134003350084
Salford,0.000335008375209
Wrentham,0.000670016750419
Illium,0.00167504187605
Eagle_Rest,0.000335008375209
Port_Moseby,0.000670016750419
Saumur,0.000670016750419
Clermont,0.000335008375209
Banori,0.00134003350084
Nuneaton,0.00167504187605
Preston_(FWL),0.000670016750419
Maestu,0.000335008375209
Anaheim,0.00100502512563
Misery,0.00100502512563
Rypful,0.000335008375209
Scituate,0.000670016750419
Quimberton,0.000335008375209
Elgin,0.000670016750419
Mahone,0.00100502512563
New_Gascony,0.000670016750419
Bergtatt,0.000670016750419
Binyang,0.00134003350084
Trent,0.000670016750419
Cor_Caroli,0.000335008375209
Tamarind,0.000670016750419
Elix,0.000335008375209
Jilin,0.000335008375209
Electra,0.000335008375209
Cassias,0.000335008375209
Alto,0.000335008375209
Alchiba,0.000335008375209
Skye,0.000335008375209
Pilkhua,0.000670016750419
Ogano,0.000670016750419
Saiph,0.000670016750419
Courtney,0.00167504187605
Fukuroi,0.00167504187605
Illyria,0.00100502512563
Anguilla,0.00100502512563
Rushaven,0.000335008375209
Delacambre,0.000670016750419
Chupadero,0.000335008375209
Pojos,0.000335008375209
Prato,0.000335008375209
Millerton,0.00134003350084
Summerstide,0.000335008375209
Dansur,0.000335008375209
Jarett,0.000335008375209
Sadurni,0.00134003350084
Marantha,0.000670016750419
Klenkar,0.00100502512563
New_Avalon,0.000335008375209
Farcry,0.00167504187605
Harlez,0.000335008375209
Ilmachna,0.000335008375209
Bristol,0.000335008375209
Biuque,0.000335008375209
Garrison,0.000670016750419
Hivrannee,0.000670016750419
Peacock,0.00167504187605
Courcellete,0.00134003350084
Hazeldean,0.00167504187605
Achton,0.00100502512563
Abiy_Adi,0.00134003350084
New_India,0.00100502512563
Parma,0.000670016750419
Périgueux,0.000335008375209
Kowloon,0.00100502512563
Talisker,0.00100502512563
Chaumont,0.000670016750419
Shui-pào,0.000335008375209
Kerman,0.00134003350084
Ardoz,0.000335008375209
Muscida,0.000335008375209
Calvados,0.000335008375209
Okaya,0.000335008375209
Suetonius,0.00100502512563
Erod's_Escape,0.00100502512563
Panjang,0.000670016750419
Helland,0.000670016750419
Kaufermann,0.000670016750419
Oscar,0.000670016750419
Odell,0.000335008375209
Galatia_III,0.000335008375209
Heligoland,0.000670016750419
Karkkila,0.000335008375209
Andalusia,0.000335008375209
Zanderij,0.00134003350084
Glevakha,0.000335008375209
Hurgh,0.00100502512563
Linqing,0.000670016750419
Setubal,0.000335008375209
Sturgis,0.000335008375209
Raldamax,0.000335008375209
Sidon,0.000670016750419
Eschenberg,0.00134003350084
Svinngarn,0.000670016750419
Jacomarle,0.000335008375209
Althea's_Choice,0.00167504187605
Wing,0.000335008375209
Sentarus,0.00100502512563
Gallis,0.000335008375209
Glenmora,0.000670016750419
Echo,0.00100502512563
Beils,0.00201005025126
Hanseta,0.00234505862647
Yanchep,0.000335008375209
Aristotle,0.000670016750419
Outer_Volta,0.000335008375209
Warren,0.000670016750419
Pressby,0.000670016750419
The_Rack,0.000335008375209
Bartrock,0.00100502512563
Caldwell,0.00234505862647
Sheridan,0.000335008375209
Salvende,0.000335008375209
Armaxa,0.000335008375209
Ddraig,0.000335008375209
Pajarito,0.00234505862647
Thule,0.000335008375209
Verdigreis,0.000335008375209
Malibu,0.000670016750419
Pobeda,0.00100502512563
Saltillo,0.000335008375209
Lee,0.000335008375209
Koury,0.000335008375209
Leh,0.00100502512563
Leximon,0.000670016750419
Huntress,0.000335008375209
Rosendal,0.000670016750419
Egress,0.000335008375209
Dorpat,0.000335008375209
Batajnica,0.000335008375209
Ype-Jhu,0.00100502512563
Staffin,0.000335008375209
Tawas,0.000335008375209
Decus,0.000670016750419
Graz,0.000670016750419
Midale,0.000335008375209
Barlaston,0.000335008375209
Kochab,0.000335008375209
Leganes,0.00100502512563
Marodzi,0.00100502512563
Centavido,0.000335008375209
Corey,0.000335008375209
Pherkad,0.000335008375209
Gram,0.00100502512563
Gran,0.000335008375209
Gambilon,0.00100502512563
Amber,0.00100502512563
Borgan's_Rift,0.00100502512563
Minette,0.00134003350084
Delphos,0.00268006700168
Melissia,0.000335008375209
Chirikof,0.000335008375209
Cajamarca,0.000335008375209
Hortense,0.000335008375209
Bangor,0.000335008375209
Gettorf,0.000335008375209
Atsugi,0.00268006700168
Princton,0.000670016750419
Zathras,0.000335008375209
Wasat,0.000670016750419
Herotitus,0.000670016750419
Kervil,0.000335008375209
Fairfield,0.000335008375209
Doneval,0.00100502512563
Priori,0.000335008375209
Java,0.000335008375209
Cork,0.000335008375209
Baccalieu,0.000670016750419
Numki,0.000335008375209
Pattison,0.00167504187605
Cranston,0.000335008375209
New_Hati,0.000335008375209
Lummatii,0.000670016750419
Fanardir,0.00100502512563
Romita,0.000670016750419
Leoben,0.000335008375209
Firenze,0.00134003350084
Alexandria_(LC),0.00100502512563
Ceará,0.000670016750419
New_Aberdeen,0.000335008375209
Blue_Hole,0.000670016750419
Poznan,0.000670016750419
Arc-Royal,0.000670016750419
Menkar,0.00100502512563
Homestead,0.000335008375209
Columbine,0.000335008375209
Laureles,0.000335008375209
Nagel,0.000670016750419
Solaris,0.000670016750419
Bassfield,0.000335008375209
Ideyld,0.00201005025126
Athenry,0.000335008375209
Trellisane,0.000670016750419
Langhorne,0.000335008375209
Fugeres,0.00134003350084
Brest,0.000335008375209
Elektrougli,0.00268006700168
Kagoshima,0.000670016750419
Voehn,0.000670016750419
Semenyih,0.000670016750419
Sheridan_(Clan_system),0.000335008375209
Granada,0.000670016750419
Tellman_IV,0.00100502512563
Lockton,0.000335008375209
Lhasa,0.000335008375209
Hector,0.000335008375209
Skepptana,0.00167504187605
Perdition,0.000670016750419
Stralsund,0.000335008375209
Togura,0.000670016750419
Tiber,0.000670016750419
Smolnik,0.00134003350084
Fronde,0.000335008375209
Oltepesi,0.000670016750419
Hudeiba,0.000335008375209
Masterson,0.000335008375209
Umijiri,0.000335008375209
New_Vandenberg,0.000670016750419
Sudeten,0.000335008375209
Shimosuwa,0.000335008375209
Kesai,0.000335008375209
Ibstock,0.000335008375209
Exedor,0.000335008375209
Lande,0.000335008375209
Tsinghai,0.000335008375209
Broken_Wheel,0.000670016750419
Chaine_Cluster,0.00100502512563
New_Kyoto,0.000335008375209
Sorsk,0.000335008375209
Patan,0.000335008375209
Kurvasa,0.000335008375209
Menkalinan,0.000335008375209
Quilino,0.000335008375209
Guangzho,0.000335008375209
Proserpina,0.000335008375209
Kazu,0.000335008375209
Wyatt,0.000335008375209
Wappingers,0.00201005025126
Dalian,0.00100502512563
Utrecht,0.000335008375209
Burnt_Rock,0.000670016750419
Escobas,0.000335008375209
New_Earth,0.000335008375209
Jibbet,0.000670016750419
Betelgeuse,0.000335008375209
Fjaldr,0.000335008375209
Devil's_Breath,0.000335008375209
Hibuarius,0.000670016750419
Saonara,0.000670016750419
Planting,0.00134003350084
Kvistgard,0.000335008375209
Thadora's_Land,0.000670016750419
Castor,0.000335008375209
Megarez,0.00134003350084
Madras,0.000335008375209
Hyades_Cluster,0.000335008375209
Koniz,0.000335008375209
Abbadiyah,0.00134003350084
Ipswich,0.000335008375209
Syrstart,0.000670016750419
Humansville,0.00134003350084
Allerton,0.000335008375209
Chennai,0.000335008375209
Lihue,0.000670016750419
Fletcher_(CC),0.000335008375209
Sophie's_World,0.00100502512563
Saltural,0.00100502512563
Acamar,0.000670016750419
Karpathos,0.000335008375209
Wei,0.000335008375209
Payia,0.000335008375209
Sabanillas,0.000335008375209
Maladar,0.000335008375209
Fiery_Plains,0.000670016750419
Chirac,0.000335008375209
Gardnaus,0.000335008375209
Matheran,0.000335008375209
Vosloorus,0.000335008375209
Cronulla,0.000335008375209
Wildwood,0.00100502512563
Harbin,0.000335008375209
Pressville,0.000670016750419
Stonarboi,0.00167504187605
Ullieri,0.000335008375209
Ulysses,0.000670016750419
Weatogue,0.000670016750419
Zebebelgenubi,0.000335008375209
Itzehoe,0.000670016750419
Rentz,0.00100502512563
Fatima,0.00134003350084
Filtvelt,0.000670016750419
Kafr_Silim,0.000335008375209
Juazeiro,0.00100502512563
Hsien,0.000335008375209
Corfu,0.00134003350084
Flaum,0.000670016750419
Celano,0.000335008375209
Granera,0.000335008375209
Bryceland,0.000670016750419
Jardine,0.000335008375209
Shoreham,0.000335008375209
Highspire,0.000670016750419
Thimphu,0.000335008375209
Úr_Cruinne,0.000670016750419
Antipolo,0.000335008375209
Oshika,0.00100502512563
Hean,0.000670016750419
Yàn-huì,0.000335008375209
Moravian,0.000335008375209
Ford,0.000335008375209
Asellus_Australis,0.000670016750419
Yamoussoukra,0.00134003350084
Glitnir,0.00167504187605
Cardff,0.000670016750419
Carmen,0.000335008375209
Haggard,0.00100502512563
Morges,0.000335008375209
Gustrell,0.000335008375209
Damian,0.000670016750419
Cate's_Hold,0.00100502512563
Goito,0.000335008375209
Jápminboddu,0.00134003350084
Bacum,0.000335008375209
Lucianca,0.000335008375209
Mishkadrill,0.000335008375209
Syrma,0.000335008375209
Millungera,0.000670016750419
Lesalles,0.000335008375209
Elissa,0.000670016750419
Chateau,0.00100502512563
San_Carlos,0.000670016750419
Ambergrist,0.000335008375209
Perkasie,0.000335008375209
Alula_Borealis,0.000335008375209
New_Abilene,0.000670016750419
Hoonaar,0.00134003350084
Alktral,0.000670016750419
Cascade,0.000670016750419
Hawktor,0.000335008375209
Haynesville,0.000335008375209
Aiguebelle,0.000670016750419
Cholame,0.000335008375209
Delios,0.000670016750419
Cruz_Alta,0.000335008375209
Calchedon,0.000335008375209
Malacca,0.00134003350084
Bora,0.000335008375209
Leipsic,0.00201005025126
Leiston,0.000335008375209
Konstance,0.000335008375209
Hartshill,0.000670016750419
Bolan,0.000670016750419
Alrakis,0.000335008375209
Iron_Land,0.000335008375209
Ammon_(OA),0.000335008375209
Angra,0.000670016750419
Zindao,0.000335008375209
Fujidera,0.000335008375209
Spitz,0.000335008375209
York,0.000670016750419
Mandaree,0.000335008375209
Australia,0.00100502512563
August,0.000670016750419
Linhauiguan,0.000335008375209
Blantleff,0.000335008375209
Raballa,0.000335008375209
Eilenburg,0.000670016750419
Ragusa,0.000335008375209
New_Delos,0.000335008375209
Adler,0.000670016750419
Al_Jafr,0.000335008375209
Bettendorf,0.000670016750419
Loysville,0.00100502512563
Baxter,0.000670016750419
Malaga,0.00134003350084
Pokhara,0.000335008375209
Loxley,0.000670016750419
Tatopani,0.000335008375209
Bex,0.000335008375209
Bellatrix,0.000335008375209
Maharet,0.000335008375209
Kandis,0.000335008375209
Promised_Land,0.000335008375209
Dagda,0.00100502512563
Goderich,0.000335008375209
Prix,0.000335008375209
Alsek,0.000335008375209
Mandeville,0.000335008375209
Ormstown,0.000670016750419
Sunchon,0.00100502512563
Addhara,0.000670016750419
Byesville,0.000670016750419
Kupang,0.000335008375209
Tentativa,0.000335008375209
Vereeniging,0.000335008375209
Herndon,0.000335008375209
Havdhem,0.000670016750419
Drosendorf,0.000335008375209
Mearra,0.000670016750419
Sanurcha,0.000670016750419
Lahti,0.00100502512563
Ilmar,0.000335008375209
Skaslien,0.00100502512563
Rohinjan,0.000335008375209
Deweidewd,0.000335008375209
Pentvar,0.000335008375209
Glasgow,0.000335008375209
Rexburg,0.000335008375209
Zertarum,0.000335008375209
Grossbach,0.000335008375209
Carmichael,0.000335008375209
Holmsbu,0.000335008375209
New_Ganymede,0.000670016750419
Propus,0.000335008375209
Mississauga,0.000335008375209
Lokoja,0.000335008375209
Anaea,0.000335008375209
Cumbres,0.000335008375209
Manennaia,0.000335008375209
Eidsfoss,0.000335008375209
Fletcher's_Feast,0.000670016750419
Tanz,0.000335008375209
Drusibacken,0.000335008375209
Strato_Domingo,0.000670016750419
Machida,0.000670016750419
Sapienza,0.00100502512563
Coraines,0.000670016750419
New_Kent,0.000335008375209
Tellman's_Mistake,0.000335008375209
Delitzsch,0.00201005025126
Vinstra,0.000670016750419
Igualada,0.000670016750419
Dahar,0.000335008375209
Andarmax,0.000335008375209
Euclid,0.000335008375209
Trip,0.000670016750419
Elbing,0.000335008375209
Shardayne,0.000335008375209
Minakuchi,0.000335008375209
Paran,0.000335008375209
Hollabrunn,0.000335008375209
Melk,0.000335008375209
Alkaid,0.000335008375209
Rochers,0.000335008375209
Isabela,0.000670016750419
Kublenz,0.000670016750419
De_Berry,0.000670016750419
Diamantina,0.000335008375209
Boondock,0.00100502512563
Neukirchen,0.000335008375209
Wedgefield,0.000335008375209
Trolloc_Prime,0.000335008375209
Vikindu,0.000335008375209
Baranda,0.00100502512563
Merdal,0.000335008375209
Celentaro,0.000670016750419
Defiance,0.000670016750419
Dubhe,0.000335008375209
Jansen's_Hold,0.000335008375209
New_Damascus,0.000670016750419
Strana_Mechty,0.000670016750419
Zvolen,0.000335008375209
New_Bergen,0.000335008375209
Agliana,0.000670016750419
Bhaktapur,0.000335008375209
Augusta,0.000670016750419
Logan_Prime,0.000670016750419
Tormentine,0.000670016750419
Hrafn,0.000670016750419
Ludwigshafen,0.000335008375209
Sakuranoki,0.00100502512563
Thurrock,0.000335008375209
Ipava,0.000670016750419
Argyle,0.000335008375209
Tantallon,0.000335008375209
Gotterdammerung,0.000670016750419
Markesan,0.00100502512563
Ganshoren,0.000335008375209
Stanley,0.000335008375209
Abadan,0.000335008375209
Itsbur,0.000335008375209
Espia,0.000335008375209
Foochow,0.000335008375209
Pomme_De_Terre,0.000670016750419
Nova_Roma,0.000335008375209
Lum,0.000670016750419
Kyeinnisan,0.000335008375209
Kek,0.000335008375209
Renfield,0.000335008375209
Reisling's_Planet,0.000335008375209
Grootfontein,0.000670016750419
Lockdale,0.000335008375209
Vulcan,0.000335008375209
Streator,0.000670016750419
Diosd,0.000335008375209
Nahoni,0.00234505862647
Leyda,0.000335008375209
Holloway,0.00234505862647
Lucknow,0.00100502512563
Kessel,0.000335008375209
Iijima,0.000670016750419
Tortuga_Prime,0.000670016750419
Delagoa,0.000670016750419
Jubka,0.000670016750419
Zwenkau,0.000335008375209
Kaus_Media,0.000335008375209
New_Canton,0.000335008375209
Alcor,0.000335008375209
Westfield,0.000335008375209
Eutin,0.000335008375209
Caselton,0.000335008375209
Pillory,0.000670016750419
Abagnar,0.000335008375209
Pitkin,0.000335008375209
Kamarod,0.00100502512563
Ningxia,0.000335008375209
Kestrel,0.00100502512563
Ozawa,0.00469011725293
Maritgues,0.000670016750419
Vindemiatrix,0.000335008375209
Huntington,0.000335008375209
St._John,0.000335008375209
Adelaide,0.000670016750419
Zavijava,0.000335008375209
Novaya_Zemlya,0.000335008375209
Housekarle,0.000335008375209
Royal,0.00100502512563
Symsonia,0.000670016750419
Gwynedd,0.000670016750419
Runrig,0.000335008375209
Brailsford,0.000335008375209
Piriapolis,0.000335008375209
Palos,0.000670016750419
Stewart,0.000335008375209
Abruzzi,0.000335008375209
Thazi,0.00100502512563
Katla,0.000335008375209
Galicia,0.000670016750419
Manksville,0.000335008375209
Pike_IV,0.000335008375209
Dove,0.000335008375209
Outpost,0.000335008375209
Yorii,0.000335008375209
Jeanette,0.000335008375209
Elume,0.000335008375209
Albert_Falls,0.000670016750419
Pattonsbrug,0.000335008375209
Dyfed,0.00100502512563
Astrokaszy,0.000335008375209
Parvan,0.000670016750419
Crofton,0.000335008375209
Rosiclare,0.000670016750419
Andelys,0.000335008375209
Colorado,0.000335008375209
Concord,0.000335008375209
Kalidasa,0.000335008375209
Adrar,0.000335008375209
Marsalle,0.00201005025126
Hardisey's_Haven,0.00100502512563
Pleiades_Cluster,0.000670016750419
Foot_Fall,0.000335008375209
Regulus,0.000335008375209
Layover,0.000335008375209
Kotzebue,0.000335008375209
Furillo,0.000335008375209
Jaipur,0.000335008375209
Fadiffolu,0.000335008375209
Philadelphia,0.000335008375209
Maia,0.000335008375209
Zebrenaski,0.000670016750419
Celebes,0.000670016750419
Crawford,0.000335008375209
Rocky,0.000335008375209
Beid,0.000335008375209
Meinacos,0.000335008375209
Shaun,0.000335008375209
Broaddus,0.000335008375209
Anjin_Muerto,0.000670016750419
Cree,0.000335008375209
Gurnet,0.000335008375209
Sun_Prairie,0.000335008375209
Oceana,0.000335008375209
Xieng_Khouang,0.000335008375209
Hall,0.000335008375209
Mersa_Matruh,0.000670016750419
Hun_Ho,0.000335008375209
Thorn,0.000335008375209
Espakeh,0.000670016750419
New_Sapporo,0.000335008375209
Kern,0.000670016750419
Chinmen_Tao,0.00134003350084
Suianheer,0.00100502512563
Cadela,0.00100502512563
Meghy,0.00100502512563
Stellaris,0.000335008375209
Helsingfors,0.00100502512563
Baker_3,0.00100502512563
Sevren,0.000670016750419
Grand_Base,0.000335008375209
Jia_Tian,0.000335008375209
Lost,0.000335008375209
Thermopolis,0.000335008375209
Hastur,0.000335008375209
Pernik,0.000335008375209
Sternwerde,0.000670016750419
Ellsworth,0.000335008375209
Girondas,0.000335008375209
Alarion,0.000335008375209
Poulsbo,0.000670016750419
Frondas,0.000335008375209
Kiruna,0.000670016750419
Newtown_Square,0.00100502512563
Kiesen,0.000670016750419
Galisteo,0.000335008375209
Kent,0.000670016750419
Vonja,0.00100502512563
Loikaw,0.00134003350084
Raman,0.000335008375209
Fomalhaut,0.000335008375209
Leskovik,0.000670016750419
Alterf,0.000335008375209
Lyndon,0.000335008375209
Guldra,0.00100502512563
Custozza,0.000335008375209
Sauk_City,0.000335008375209
Eion,0.000335008375209
Stettin,0.000335008375209
Coyle,0.000335008375209
Schmitt,0.00100502512563
Lexington,0.000670016750419
Laiaka,0.000335008375209
Northfield,0.000335008375209
Casere,0.000670016750419
Enkra,0.000335008375209
Chanute,0.000670016750419
Midway,0.000670016750419
Sileste,0.000670016750419
Worrell,0.000670016750419
Sirdar,0.000670016750419
Hamilton_(FWL),0.000335008375209
Markab,0.000335008375209
Le_Blanc,0.000335008375209
Alnasl,0.000335008375209
Branzoll,0.000335008375209
Callisto,0.000670016750419
Vorzel,0.000670016750419
Mirage,0.000335008375209
Arlanda,0.00100502512563
Bamburgh,0.000335008375209
Belgae,0.000335008375209
Camlann_(FWL),0.000335008375209
Krenice,0.000670016750419
Catroxx,0.000335008375209
Santana,0.000335008375209
Ulsan,0.000335008375209
Roadside,0.00167504187605
Hè-shì,0.000335008375209
Tok_Do,0.000335008375209
Star's_End,0.000335008375209
Nam_Dinh,0.000670016750419
Babylon,0.000335008375209
Hellos_Minor,0.000335008375209
Gatekeeper,0.000670016750419
Kitalpha,0.000335008375209
Calingasta,0.000335008375209
Milligan's_World,0.000335008375209
Harloc,0.000670016750419
Ildrong,0.000335008375209
Monthey,0.000670016750419
Iknogoro,0.000335008375209
Ljugarn,0.00134003350084
Virtue,0.00167504187605
Carnwath,0.000670016750419
Upano,0.000335008375209
Ildlandet,0.000335008375209
Rondon,0.000335008375209
Able's_Glory,0.000335008375209
Johnson,0.00100502512563
Skiland,0.000335008375209
Alekseyevka,0.000335008375209
Bahl's_Retreat,0.000335008375209
Overton,0.000335008375209
Tarnby,0.000670016750419
Constance,0.000670016750419
Anembo,0.000670016750419
Carver,0.000335008375209
Brooloo,0.000335008375209
Al_Hillah,0.000335008375209
Brockway,0.000670016750419
Cabanatuan,0.000335008375209
Oriente,0.000335008375209
Fort_Loudon,0.000335008375209
Kladnitsa,0.000335008375209
Pangkalan,0.00100502512563
New_Caledonia,0.000335008375209
Niangol,0.000670016750419
Ambatomainty,0.000335008375209
Chaville,0.000335008375209
Aix-la-Chapelle,0.000335008375209
Main_Street,0.00134003350084
Gienah,0.000335008375209
Okains,0.000335008375209
Sarkel,0.000335008375209
Hamilton_(LC),0.000670016750419
Golandrinas,0.000335008375209
Kiyev,0.000670016750419
Wisconsin,0.000335008375209
Pain,0.000670016750419
Hyperion,0.000335008375209
Kimi,0.000335008375209
Tovetin,0.000335008375209
Hyner,0.000335008375209
Chorley,0.000335008375209
Acrux,0.000335008375209
Radlje,0.000670016750419
Alhena,0.000335008375209
Frankson,0.000670016750419
Córdoba,0.000670016750419
Osmus_Saar,0.000335008375209
Alphard_(FWL),0.000335008375209
Niles,0.00100502512563
Torrence,0.000335008375209
Eltanin,0.000335008375209
Finmark,0.000335008375209
Aea,0.000335008375209
Mayetta,0.000670016750419
Olindo,0.000335008375209
Manapire,0.000335008375209
Alpheratz,0.000335008375209
Chita,0.000670016750419
Vackisujfalu,0.000335008375209
Afarsin,0.000335008375209
Orkney_(TC),0.000670016750419
Ghaziabad,0.000335008375209
Nexus_Ri,0.000335008375209
Vard,0.000335008375209
Renown,0.000335008375209
Sighisoara,0.000335008375209
Katlehong,0.000335008375209
Diboll,0.000335008375209
Ronel,0.000335008375209
Janina,0.000335008375209
Phecda,0.000335008375209
Cumberland,0.000335008375209
Sorunda,0.000335008375209
Sabhal_Mòr_Ostaig,0.000335008375209
Waimalu,0.000335008375209
Pasemah,0.000670016750419
Chandler,0.000335008375209
Goth_Khakar,0.000670016750419
Buchlau,0.000670016750419
Zacatecoluca,0.000335008375209
Berenson,0.000335008375209
Donenac,0.000335008375209
Muskegon,0.000335008375209
Chara,0.000335008375209
New_Port_Royal,0.000335008375209
Senorbi,0.000670016750419
Ulvskollen,0.000335008375209
Peabody,0.000335008375209
Morrigan,0.000670016750419
Renorsal,0.000335008375209
Axton,0.000335008375209
Soul,0.000335008375209
Barcelona,0.000670016750419
Lamon,0.000335008375209
Nouveau_Toulouse,0.000335008375209
Anywhere,0.000335008375209
Zelmag_III,0.00100502512563
Fasa_(system),0.000335008375209
Kirklin,0.000335008375209
Winfield_(LC),0.000335008375209
Tapachula,0.000335008375209
Snowdon,0.000335008375209
Tegaldanas,0.000670016750419
Dixie,0.000335008375209
Dieron,0.000335008375209
Quarell,0.000335008375209
Cebalrai,0.000335008375209
Dromini,0.000335008375209
Oldsmith,0.000335008375209
Halesowen,0.00335008375209
Megrez,0.000335008375209
New_Vallis,0.000670016750419
Zumbo,0.000670016750419
Stapelfeld,0.000670016750419
Joan's_Post,0.000670016750419
Ingenstrem,0.000670016750419
Zhongshan,0.000670016750419
Pavia,0.000335008375209
Finsterwalde,0.000335008375209
Lyreton,0.000335008375209
Sterling,0.00100502512563
Lepaterique,0.000335008375209
Vihtijarvi,0.000335008375209
Simancas,0.000670016750419
Tybalt,0.000335008375209
Exeter,0.000335008375209
Gahral,0.000335008375209
Tetski,0.000670016750419
Taurus,0.000335008375209
Tsukude,0.000335008375209
Zanzor,0.000335008375209
Newcastle,0.000335008375209
Zinal,0.000335008375209
Harvest,0.000335008375209
Penobscot,0.000335008375209
Tallassee,0.000670016750419
Niomede,0.000335008375209
Manx,0.000670016750419
Dagda_(Clan),0.000335008375209
Garotte,0.000670016750419
Tsitsang,0.000335008375209
Courchevel,0.000335008375209
Sherwood,0.000670016750419
Killbourn,0.000335008375209
Valencia,0.00100502512563
Kannon,0.000335008375209
Fianna,0.000670016750419
McComb,0.000670016750419
Kampen,0.000335008375209
Ashio,0.000670016750419
Mahrah,0.000335008375209
Kaguyak,0.000335008375209
Fallry,0.000670016750419
Herat,0.000335008375209
Enif,0.000335008375209
Polcenigo,0.000335008375209
Wonju,0.000670016750419
Hachiman,0.000335008375209
Davisville,0.00100502512563
Biham,0.000335008375209
Mara,0.000335008375209
San_Nicolas,0.000335008375209
Luderitz,0.000335008375209
Ejeda,0.000335008375209
Brasha,0.000335008375209
Monongahela,0.000335008375209
Ruschegg,0.000335008375209
Raetia,0.00134003350084
Michtal,0.000670016750419
Les_Halles,0.000335008375209
Errai,0.000335008375209
Crimond,0.000670016750419
Merton,0.000335008375209
Tetersen,0.000335008375209
Valladolid,0.00100502512563
Tintavel,0.000335008375209
Quelimane,0.000335008375209
Ares_(system),0.000335008375209
Tangipahoa,0.000335008375209
Mechdur,0.000335008375209
Gabenstad,0.000670016750419
New_Start,0.00100502512563
Gaul,0.000670016750419
Verdinge,0.000335008375209
Old_Kentucky,0.000335008375209
Vortalcoy,0.000670016750419
Mesartim,0.000335008375209
Antallos_(Port_Krin),0.000335008375209
Pleione,0.000335008375209
Hildaman,0.000335008375209
St._Robert,0.000335008375209
Vargtass,0.00100502512563
Suzano,0.000335008375209
Molino,0.000335008375209
Diass,0.000335008375209
Yunnah,0.000335008375209
Shimoda,0.000335008375209
Cartago,0.000335008375209
Sappho,0.000335008375209
Savinsville,0.000335008375209
Yangtze,0.000335008375209
Avellaneda,0.000335008375209
Greypearl,0.000670016750419
Icar,0.000335008375209
MacLeod's_Land,0.000335008375209
Ballad_II,0.000670016750419
Itabaiana,0.000335008375209
Norman's_World,0.000335008375209
Adelson,0.000670016750419
Ilzra,0.000335008375209
Silkeborg,0.000670016750419
Spittal,0.000335008375209
Alrescha,0.000335008375209
Sturganos,0.000335008375209
Chimpaw,0.000335008375209
Najha,0.000335008375209
Ki_Zoban,0.000335008375209
Ambrose,0.000335008375209
Arboris,0.000335008375209
Marduk,0.000335008375209
Caldrea,0.000335008375209
Benfled,0.000335008375209
Delacruz,0.000335008375209
Kasdach,0.000335008375209
Teniente,0.000335008375209
Willowick,0.000335008375209
Krimari,0.000670016750419
Faleolo,0.00100502512563
Mizunami,0.00100502512563
Mallory's_World,0.000335008375209
Jerangle,0.000670016750419
Qandahar,0.000335008375209
Akfata,0.000670016750419
Bogerth,0.000335008375209
Dindatari,0.000335008375209
Strawn,0.000335008375209
Izar,0.000335008375209
Geifer,0.000335008375209
Milvano,0.000670016750419
Kanata,0.000670016750419
Fuentes,0.000335008375209
Virentofta,0.000335008375209
Small_World,0.000335008375209
Anglia,0.000335008375209
Asellus_Borealis,0.000335008375209
Chichibu,0.000335008375209
Lochmantle,0.000335008375209
Waypoint,0.000335008375209
Kashilla,0.000335008375209
Atocongo,0.000335008375209
Valil'yevskiy,0.000335008375209
Ashkum,0.000335008375209
Benet,0.000335008375209
La_Grave,0.000335008375209
Sumy,0.000335008375209
Moroney,0.000670016750419
Seuta_Bimyeong,0.000670016750419
Dunkerque,0.000670016750419
Unukalhai,0.000335008375209
Cap_Rouge,0.000670016750419
Mansu-ri,0.00100502512563
Illiushin,0.000670016750419
Corsica_Nueva,0.000335008375209
Givrodat,0.000335008375209
Yed_Prior,0.000335008375209
Loongana,0.000335008375209
Camadeierre,0.000335008375209
Chhaprauli,0.000335008375209
Calish,0.000335008375209
Greenlaw,0.000335008375209
Tiruchchirappalli,0.000335008375209
York_(Clan),0.00100502512563
Inglesmond,0.000335008375209
Valmiera,0.000670016750419
Korvitz,0.000335008375209
Glenlivet,0.000335008375209
Masterton,0.000335008375209
Van_Diemen_IV,0.000335008375209
Kohlman,0.000335008375209
Wingzar,0.000335008375209
Chengdu,0.000335008375209
Gamlestolen,0.000335008375209
Last_Chance,0.000670016750419
Acala,0.000335008375209
Cavalor,0.000335008375209
Marknick,0.00100502512563
Chirala,0.000335008375209
Rosamond,0.000335008375209
Brusett,0.000335008375209
Dalcour,0.000670016750419
Farnsworth,0.000335008375209
Tottori,0.000335008375209
Vaj,0.000670016750419
Undra,0.000335008375209
Tigress,0.000335008375209
An_Ting,0.000335008375209
Winter,0.000335008375209
Aubisson,0.000670016750419
Breed,0.000335008375209
Tikonov,0.000335008375209
Halstead_Station,0.000335008375209
Arcadia_(Clan),0.000335008375209
Labouchere,0.000335008375209
Capra,0.000335008375209
Orbisonia,0.000335008375209
Vantaa,0.000670016750419
Latexo,0.00167504187605
Machapuchre,0.000670016750419
Beckars,0.000335008375209
Braum,0.000335008375209
Angelsey,0.000335008375209
Kettering,0.000335008375209
Miyako,0.000335008375209
Otho,0.000670016750419
Beenleigh,0.000335008375209
Ellijay,0.000335008375209
Idlewind,0.00167504187605
Corbeanca,0.000335008375209
Dante,0.000670016750419
Savonburg,0.000335008375209
Velhas,0.000335008375209
Miquelon,0.000335008375209
Tannil,0.000335008375209
Choudrant,0.00301507537688
Joshua,0.000670016750419
Wilkes,0.000670016750419
Brookeland,0.000335008375209
Hoyleton,0.000335008375209
Relevow,0.000335008375209
Bentley,0.000335008375209
Gaeri,0.000335008375209
Arnaudville,0.000335008375209
Stotzing,0.000335008375209
Beaumont,0.000670016750419
Sharqah,0.00134003350084
Sendalor,0.000335008375209
Baruun_Urt,0.000335008375209
Vestallas,0.000335008375209
Bringdam,0.000335008375209
Hobson,0.000335008375209
Irurzun,0.000335008375209
Piedmont,0.000335008375209
Chamdo,0.000670016750419
Tiber_(Clan_system),0.000335008375209
Bye's_Ship,0.00100502512563
Zalt,0.000670016750419
Goubellat,0.000335008375209
Totness,0.000335008375209
Gunzburg,0.000335008375209
Sweet_Water,0.000335008375209
Shiba,0.00100502512563
Luxani,0.000335008375209
Helduza,0.000335008375209
Beowulf,0.000670016750419
Ramen_II,0.000335008375209
Hibernia,0.000335008375209
Caph,0.000335008375209
Nowhere,0.000335008375209
Kaesong,0.000335008375209
Ferris_(OC),0.00134003350084
Hednesford,0.000670016750419
Trimaldix,0.00100502512563
Zalzangor,0.000335008375209
Waipahu,0.00100502512563
Tishomingo,0.000670016750419
Marielund,0.000335008375209
Fallon,0.000335008375209
Cusset,0.000335008375209
Pula,0.000335008375209
Eom,0.000335008375209
Galatea,0.000335008375209
Spencer,0.000670016750419
Silence,0.000335008375209
Borden,0.000670016750419
Lyons,0.000335008375209
Zurich,0.000335008375209
Landfall,0.000335008375209
Altdorf,0.000335008375209
Yuris,0.000670016750419
Kola,0.000670016750419
Skokie,0.000335008375209
Metter,0.000670016750419
Canal,0.000335008375209
Devin,0.000670016750419
Deshler,0.000335008375209
Cilvituk,0.000335008375209
Point_Barrow,0.000335008375209
Famdo,0.000670016750419
Richmond,0.000335008375209
Claxton,0.000335008375209
Aur,0.000335008375209
Shipka,0.000335008375209
Conwy,0.000335008375209
Lastpost,0.000335008375209
Koping_Chian,0.000670016750419
Warlock,0.000335008375209
Luanda,0.000670016750419
Cavanaugh_II,0.000335008375209
Sanilac,0.000335008375209
Negushevo,0.000670016750419
Renren,0.000670016750419
Balkan,0.000335008375209
Towne,0.000335008375209
Turinge,0.000335008375209
Sarpsborg,0.000335008375209
Shirotori,0.000335008375209
Notwina,0.000335008375209
Schiedam,0.000335008375209
Jaumegarde,0.000335008375209
Barras,0.000335008375209
Chukchi,0.000335008375209
New_Olympia,0.00134003350084
Kaldu,0.000670016750419
Timbuktu,0.000335008375209
Ridderkerk,0.000335008375209
Hegel,0.000335008375209
Hakkaido,0.000335008375209
Dyev,0.000335008375209
Sarmaxa,0.000335008375209
Luxen,0.000670016750419
Naryn,0.000335008375209
Greeley,0.000670016750419
Nanking,0.000335008375209
Charity,0.00134003350084
Stantsiya,0.000335008375209
Early_Dawn,0.000670016750419
Kolobrzeg,0.000335008375209
Abramkovo,0.000670016750419
Sebha,0.000670016750419
Vakarel,0.000670016750419
Ina,0.000335008375209
Gallatin,0.00100502512563
Capolla,0.000335008375209
Saaremaa,0.000335008375209
Cahokia,0.000335008375209
Lukla,0.000335008375209
Dehgolan,0.000335008375209
Gatchina,0.000670016750419
Aboukir,0.000335008375209
Old_Canton,0.000335008375209
Mindrel,0.000335008375209
Norn,0.000335008375209
Calpaca,0.000335008375209
Dresden,0.000670016750419
Klamriz_V,0.000335008375209
Cosenza,0.000335008375209
Pusht-i-rud,0.000335008375209
Dalkeith,0.000335008375209
Entalun,0.000335008375209
Itica,0.000335008375209
Bastian,0.000335008375209
Shadow,0.000670016750419
Timbiqui,0.000335008375209
Tematagi,0.000335008375209
Hanover,0.000670016750419
Dol,0.000335008375209
Inchicore,0.000335008375209
Mokpo,0.000670016750419
Campoleone,0.000670016750419
Enchi,0.000335008375209
Jungar_Qi,0.000335008375209
Sappir,0.000335008375209
Rennes,0.000670016750419
New_Capetown,0.000335008375209
Dobson,0.00100502512563
Kamenz,0.000335008375209
Halgrim,0.000670016750419
Montcoal,0.000335008375209
Bedeque,0.000335008375209
Kaifeng,0.000335008375209
Bjarred,0.000670016750419
Marathon,0.000335008375209
Micros_III,0.000670016750419
New_Sagan,0.000335008375209
Necedah,0.00100502512563
Yongd,0.000335008375209
Ibarra,0.000335008375209
New_Samarkand,0.000335008375209
Capac,0.000335008375209
Daol,0.000335008375209
Gurrnazovo,0.000335008375209
Sadalbari,0.000335008375209
Asgard,0.000670016750419
Simferopol,0.000335008375209
Benjamin,0.000335008375209
Sulafat,0.000335008375209
Banfora,0.000335008375209
Pilon,0.000335008375209
Hassi_R'mel,0.000670016750419
Autumn_Wind,0.000335008375209
Leyland,0.000335008375209
Slewis,0.000335008375209
As_Samik,0.000335008375209
Zawiercie,0.000335008375209
Zangul,0.000335008375209
Wetumpka,0.000335008375209
Galtor_III,0.000335008375209
Badlands,0.000670016750419
Lima,0.000335008375209
Sonnia,0.000670016750419
Baggville,0.000335008375209
Caerlaverock,0.000335008375209
Biota,0.000335008375209
Sekulmun,0.000670016750419
Radstadt,0.000335008375209
Hadnall,0.000335008375209
Indrapurai,0.000335008375209
Hecheng,0.000335008375209
Procyon,0.000335008375209
Erewhon,0.000670016750419
Skallevoll,0.000335008375209
Savannah,0.000335008375209
Newton,0.000335008375209
Victralla,0.000335008375209
Fetsund,0.000335008375209
Smythe,0.000335008375209
Anegasaki,0.000335008375209
Jeronimo,0.000335008375209
Wapakoneta,0.000335008375209
Waitur,0.000335008375209
Liao,0.000335008375209
Reykavis,0.000335008375209
Toland,0.000670016750419
Avon,0.000335008375209
Rubigen,0.000335008375209
Ramora,0.000670016750419
Goslar,0.000335008375209
Cameron_(FWL),0.000335008375209
Jordan_Wais,0.000670016750419
Tripoli,0.000335008375209
Fathepur,0.000335008375209
Aalzorg,0.000335008375209
Lonaconing,0.000335008375209
Grumium,0.000670016750419
Mundrabilla,0.000335008375209
Rahne,0.000670016750419
Rasalas,0.000335008375209
Ashburton,0.000335008375209
Campbelton,0.000335008375209
Latice,0.000335008375209
Hoard,0.000335008375209
Weldon,0.000335008375209
Jorvikland,0.000335008375209
Everett,0.000335008375209
Dunianshire,0.000670016750419
Apostica,0.000335008375209
Mira,0.000335008375209
Umgard,0.000335008375209
Alphecca,0.000335008375209
Manotick,0.000335008375209
Cadiz_(TC),0.000335008375209
Shionoha,0.000670016750419
Ryde,0.000335008375209
Kosciusko,0.000335008375209
Atreus_Prime,0.000335008375209
Bowang,0.000335008375209
Apinzel,0.000335008375209
Alleghe,0.000335008375209
Ko,0.000335008375209
Steeles,0.000335008375209
Grankum,0.000670016750419
Palladix,0.000335008375209
Ordino,0.000335008375209
Fylovar,0.000335008375209
Dainmar_Majoris,0.000335008375209
Tuat,0.000335008375209
Eguilles,0.000335008375209
Kakada,0.000335008375209
Eustatius,0.000670016750419
Batavia,0.000335008375209
Simone,0.000670016750419
Zortman,0.000335008375209
Ebro,0.000335008375209
Purvo,0.000335008375209
Glentworth,0.000335008375209
Butte_Hold,0.000335008375209
Conley's_Patch,0.000335008375209
St._Cyr,0.000335008375209
Redondo,0.000335008375209
Diefenbaker,0.000670016750419
Boulsi,0.000335008375209
Blair_Atholl,0.000670016750419
Bharat,0.000335008375209
Lipton,0.000335008375209
Sirius,0.000335008375209
Tongatapu,0.000670016750419
Chesterton,0.000335008375209
Bergman's_Planet,0.000335008375209
Tharkad,0.000335008375209
Knutdor,0.000335008375209
Bayeux,0.000335008375209
Orestes,0.000335008375209
Heart_Fjord,0.000335008375209
Tyrrhenia,0.000335008375209
Logandale,0.000335008375209
Schedar,0.000335008375209
Blue_Diamond,0.000335008375209
Baryshevo,0.000335008375209
Cohagen,0.000670016750419
Butzfleth,0.000670016750419
Algot,0.000335008375209
Homam,0.000335008375209
Ulubis,0.000670016750419
New_Sumatra,0.000670016750419
Keid,0.000335008375209
Flannagan's_Nebulea,0.000335008375209
Rollis,0.000335008375209
Tanh_Linh,0.000335008375209
Serenity,0.000335008375209
Gallitzin,0.000335008375209
Algol,0.000335008375209
Menkent,0.000335008375209
Veil,0.000670016750419
Achtur,0.000335008375209
Ghorepani,0.000335008375209
Second_Chance,0.000335008375209
Schuyler,0.000670016750419
Maldive,0.000335008375209
Timkovichi,0.000335008375209
Quittacas,0.000335008375209
Vangburg,0.000335008375209
Shiloh,0.000335008375209
Mangor,0.000335008375209
Halloran_V,0.000335008375209
Far_Reach,0.000335008375209
Oliver,0.000335008375209
Kuzuu,0.000335008375209
Alcyone,0.000670016750419
Blida,0.000335008375209
Arromanches,0.000335008375209
Corodiz,0.000335008375209
Bilma,0.00100502512563
Kurragin,0.000335008375209
Karakiraz,0.000670016750419
Tukayyid,0.000335008375209
Quines,0.000335008375209
Odessa,0.000335008375209
Vermezzo,0.000335008375209
Bernardo,0.000670016750419
Songgang,0.000670016750419
Galuzzo,0.000670016750419
Tuscarawas,0.000335008375209
Ma'anshan,0.000670016750419
Aquagea,0.000335008375209
Hechnar,0.000335008375209
Udibi,0.000335008375209
Alyina,0.000335008375209
Kathil,0.000335008375209
Nis,0.000335008375209
Spirit,0.000335008375209
Rudolpho,0.000335008375209
Atlas_(system),0.000335008375209
Bayindir,0.000335008375209
Coventry,0.00100502512563
Shubuta,0.000670016750419
Warrumbungle,0.000335008375209
Taumaturgo,0.000670016750419
Vega,0.000335008375209
Lucerne,0.000335008375209
Nirasaki,0.000335008375209
Great_Gorge,0.000335008375209
Baldur,0.000670016750419
Randar,0.000335008375209
Augustine,0.000335008375209
Jaboatao,0.00201005025126
Salardion,0.000335008375209
Manaringaine,0.000335008375209
Robinson,0.000335008375209
Tohelet,0.000335008375209
Colfax,0.000335008375209
Imbros_III,0.000335008375209
Ciampino,0.00301507537688
Rockwellawan,0.000670016750419
Panzyr,0.000335008375209
Tamsalu,0.000335008375209
Epsilon_Eridani,0.000335008375209
Drozan,0.000335008375209
Klathan,0.000335008375209
Bass,0.000670016750419
Epsilon,0.000335008375209
Miaplacidus,0.000335008375209
Jacobabad,0.000670016750419
Algedi,0.000335008375209
Arundel,0.000335008375209
Mandate,0.000335008375209
Vintru,0.000335008375209
Spica,0.000335008375209
Neerabup,0.000335008375209
Revivim,0.000335008375209
Lothan,0.000335008375209
Canonbie,0.000335008375209
Slocum,0.000335008375209
Ban_Na_San,0.000335008375209
Duran,0.000335008375209
Graceland,0.000335008375209
Tinaca,0.000335008375209
Albion_(Clan),0.000335008375209
New_Crete,0.000335008375209
Fuveau,0.000335008375209
Frazer,0.000335008375209
Kluane,0.000335008375209
Gant,0.000335008375209
El_Kerak,0.000335008375209
Lorkdal,0.000335008375209
Lopez,0.000335008375209
Karbala,0.000335008375209
Dalton,0.00167504187605
Jeppens,0.000335008375209
Huron,0.000335008375209
Chillon,0.000335008375209
Heiligendreuz,0.000335008375209
Deneb_Algedi,0.000335008375209
Colchis,0.000335008375209
Rosice,0.000670016750419
Rochester,0.000670016750419
Tianamon,0.000335008375209
Zorn's_Keep,0.000670016750419
Milos,0.000335008375209
Obrenovac,0.000335008375209
Charleywood,0.000335008375209
Yeguas,0.000335008375209
Zollikofen,0.000335008375209
Ginestra,0.000335008375209
Gibbs,0.000335008375209
Shiri,0.000335008375209
Bonneau,0.000335008375209
Narellan,0.000670016750419
Chenier,0.000335008375209
Hyalite,0.000335008375209
Naka_Pabni,0.000335008375209
Terra,0.000335008375209
Colchester,0.000335008375209
Inarcs,0.000335008375209
Bethonolog,0.000335008375209
Murmansk,0.000670016750419
Bessarabia,0.000335008375209
Aigle,0.000670016750419
Braunton,0.000335008375209
Cadiz,0.000670016750419
Ankaa,0.000335008375209
Florida,0.000335008375209
Avawatz,0.000335008375209
Gan_Singh,0.000335008375209
Zara,0.000670016750419
Gandy's_Luck,0.000335008375209
Hagiwawa,0.000335008375209
Matsuida,0.000335008375209
Midkiff,0.000335008375209
Toten,0.000670016750419
Shitara,0.000335008375209
Niops,0.000335008375209
Hindmarsh,0.000335008375209
Dumassas,0.000670016750419
McGehee,0.000335008375209
Bodnath,0.000335008375209
Prinis_Prime,0.000335008375209
Rosetta,0.000670016750419
Onverwacht,0.000335008375209
Loric,0.000335008375209
Kirkcaldy,0.000335008375209
Rigil_Kentarus,0.000335008375209
Maisons,0.000335008375209
Des_Arc,0.000335008375209
Nobel,0.000335008375209
Gibraltar,0.000335008375209
Shasta,0.000335008375209
McHenry,0.000335008375209
Avigait,0.000335008375209
Preston_(CC),0.000335008375209
Tylarzka,0.000335008375209
New_Troy,0.000335008375209
Bethel,0.000335008375209
Rastaban,0.000335008375209
Heliat,0.000335008375209
Osset,0.000335008375209
Khartoum,0.000670016750419
Protection,0.000335008375209
Taga,0.000335008375209
Asuncion,0.000335008375209
Achnoly,0.000670016750419
Kazanka,0.000335008375209
Redfield,0.000335008375209
Sunnywood,0.000335008375209
Larsha,0.000335008375209
Gypsum,0.000335008375209
Battaraigi,0.000335008375209
Connaught,0.000335008375209
Pilpala,0.000335008375209
Kreller,0.000335008375209
Denbar,0.000335008375209
Apollo_(system),0.000335008375209
Fairfax,0.000335008375209
Carvajal,0.000335008375209
Bonaire,0.000335008375209
Oli,0.000335008375209
Naco,0.000335008375209
Grobin,0.000335008375209
Salem,0.000335008375209
Kobe,0.000335008375209
Lemnos,0.000335008375209
Sutama,0.000335008375209
Loparri,0.000335008375209
Phalan,0.000335008375209
Viribium,0.000335008375209
Bismarck,0.000335008375209
Edwards,0.000335008375209
Graus,0.000335008375209
Drask's_Den,0.000670016750419
Rochelle,0.000335008375209
Woodbine,0.000335008375209
Mangzhangdian,0.000335008375209
Itrom,0.000335008375209
Montour,0.000335008375209
Auldhouse,0.000335008375209
Svelvik,0.000335008375209
Praxton,0.000335008375209
Shibukawa,0.000335008375209
Ichmandu,0.000670016750419
Scheuerheck,0.000335008375209
Nuelson_Minor,0.000335008375209
Hoff,0.000335008375209
Wantorill,0.000335008375209
Cyrenaica,0.000670016750419
Awyron,0.000670016750419
Furud,0.000335008375209
New_Macao,0.000335008375209
Mayadi,0.000335008375209
Radostov,0.000670016750419
Kiserian,0.000335008375209
Barlow's_End,0.000335008375209
Woogi,0.00167504187605
Crossing,0.000335008375209
Acoma,0.000335008375209
Yardley,0.000335008375209
Boeotia,0.000335008375209
Enzesfled,0.00234505862647
Sodus,0.000335008375209
Rijeka,0.000335008375209
Zebuluraskai,0.000335008375209
Namen,0.000335008375209
Loeches,0.000335008375209
Kaus_Australis,0.000335008375209
Kennard,0.000335008375209
Lungdo,0.000335008375209
Jonzac,0.000335008375209
Black_Earth,0.000670016750419
Lothario,0.00100502512563
Tarol_IV,0.000335008375209
Vulture's_Nest,0.000670016750419
Paulding,0.000335008375209
Amu_Darya,0.000335008375209
Bremen,0.000670016750419
Rzhishchev,0.000335008375209
Hobbs,0.00167504187605
Mitchella,0.000335008375209
Du_Lac,0.000335008375209
Vicente,0.000670016750419
Gniezno,0.000670016750419
Handa,0.000335008375209
Samantha,0.000335008375209
Amity,0.000335008375209
Lintz,0.000335008375209
Fronc,0.000670016750419
Ariel,0.000335008375209
Ramsau,0.000670016750419
Goodna,0.000335008375209
Reinbak,0.000335008375209
Sylvester,0.000335008375209
Aconcagua,0.000335008375209
McEvans'_Sacrifice,0.000335008375209
Caesaera,0.000670016750419
Farwell,0.00100502512563
Inner_Surge,0.000670016750419
Murchison,0.000335008375209
Glory,0.000335008375209
Tapihue,0.000670016750419
Teyvareb,0.00134003350084
Siendou,0.000335008375209
Alta,0.000335008375209
Karlstejn,0.000335008375209
Kandersteg,0.000335008375209
Nyserta,0.000335008375209
Millray,0.000335008375209
Truth,0.000335008375209
Landmark,0.000335008375209
Qurayyat,0.000335008375209
Kilarney,0.00100502512563
Zalaf,0.000335008375209
Minowa,0.000335008375209
New_Stevens,0.000335008375209
Brixtana,0.00100502512563
Paches,0.000335008375209
Synsstad,0.000335008375209
Kawich,0.000335008375209
Mackolla,0.000335008375209
Petrolia,0.000335008375209
Castrovia,0.00100502512563
Reese_Station,0.000335008375209
Tall_Trees,0.000335008375209
Dania,0.000335008375209
Baliggora,0.000670016750419
Cambiano,0.000335008375209
Smithon,0.000335008375209
Valabhi,0.000335008375209
Ukunela,0.000670016750419
Merowinger,0.000335008375209
Ellengurg,0.000670016750419
Viroflay,0.000335008375209
The_Edge,0.000335008375209
Borka,0.000335008375209
Vipaava,0.000335008375209
Lynchburg,0.000335008375209
Karachi,0.000335008375209
Futuna,0.000335008375209
Medellin,0.000335008375209
Kirkenlaard,0.000335008375209
Cygnus,0.000335008375209
Neosho,0.000335008375209
Dormandaine,0.000335008375209
David,0.000335008375209
Vanra,0.000335008375209
Lackland,0.000335008375209
Bob,0.000335008375209
Keeling,0.000335008375209
Waunakee,0.000335008375209
Mithron,0.000335008375209
Domain,0.000670016750419
Kentares,0.000335008375209
Coldbrook,0.000335008375209
Engadin,0.000335008375209
Etiler,0.000335008375209
New_Ålborg,0.000335008375209
Annunziata,0.000335008375209
Wolcott,0.000335008375209
Mazdru,0.000670016750419
Tsingtao,0.000335008375209
Emporia,0.000335008375209
Carthage,0.000670016750419
Grosvenor,0.000335008375209
Manassas,0.000335008375209
Solor,0.000670016750419
Altais,0.000335008375209
Altair,0.000335008375209
Mica_VII,0.000335008375209
Haappajarvi,0.000335008375209
Kirei_Na_Niwa,0.000670016750419
Scarborough,0.000335008375209
Fefferfer,0.000335008375209
Sarikavak,0.000335008375209
Zlatousi,0.000670016750419
Cyrton,0.000335008375209
Imbrial_III,0.000335008375209
Swartklip,0.000670016750419
Biloela,0.000335008375209
Bicester,0.000335008375209
Mickleover,0.000670016750419
Caracol,0.000335008375209
Thuban,0.000335008375209
Abejorral,0.000335008375209
Mararn,0.000335008375209
Arkab,0.000335008375209
Hergazil,0.000335008375209
Myrvoll,0.000335008375209
Abbeville,0.000335008375209
Porthos,0.000335008375209
Ito,0.00134003350084
Korramabad,0.000335008375209
Ascella,0.000670016750419
Hahira,0.000335008375209
Gambarare,0.000335008375209
Franklin,0.000335008375209
Adrian,0.000335008375209
Mavegh,0.000335008375209
Kansu,0.000335008375209
Morven,0.000670016750419
Perdido,0.000335008375209
Dichell,0.000335008375209
Bell,0.000335008375209
Salur,0.000335008375209
Buena,0.000335008375209
Kilbourne,0.000335008375209
Sakhalin_(CC),0.000335008375209
Afleir,0.000335008375209
Mumbai,0.000335008375209
Brim,0.000335008375209
Svarstaad,0.000335008375209
No_Return,0.000670016750419
Kievanur,0.000335008375209
Tancredi,0.000335008375209
Saltville,0.000335008375209
Tyrfing,0.000670016750419
Chitwan,0.000335008375209
Sargasso,0.000670016750419
Aodh,0.000335008375209
Noisiel,0.000335008375209
Mandalas,0.000335008375209
McAlister,0.000670016750419
Sierra,0.000335008375209
Quatre_Belle,0.000335008375209
Versailles,0.000335008375209
Necromo,0.000335008375209
Cimeron,0.000335008375209
Mas,0.000335008375209
Jonathan,0.000335008375209
Watermael,0.000670016750419
Ramona,0.000670016750419
Idrmach,0.00100502512563
Nadrin,0.000335008375209
Vendrell,0.000335008375209
Lindassa,0.000335008375209
Sindalin,0.000335008375209
Mao,0.000670016750419
Tamaron,0.000670016750419
Fellanin,0.000670016750419
Kinkaid_II,0.000670016750419
Valentina,0.000335008375209
Blommestein,0.000670016750419
Vannes,0.000335008375209
Derby,0.000670016750419
New_Wessex,0.00335008375209
Recife,0.000335008375209
Die_Moot,0.000335008375209
Rajkot,0.000670016750419
Bondurant,0.000670016750419
Wokha,0.000670016750419
Styx,0.000335008375209
Vaucluse,0.000335008375209
Brocchi's_Cluster,0.000335008375209
Styk,0.000335008375209
Xinyang,0.000335008375209
Zanbasa,0.000335008375209
Ankolika,0.000335008375209
Great_X,0.000335008375209
Malazan,0.000335008375209
Tathis,0.000335008375209
Ciotat,0.000335008375209
Zaniah,0.000335008375209
Katinka,0.00100502512563
Appian,0.000670016750419
Pell,0.000335008375209
Rosepine,0.000335008375209
Symington,0.000335008375209
Budingen,0.000335008375209
Birmensdorf,0.000670016750419
Kooken's_Pleasure_Pit,0.000335008375209
Genoa,0.000335008375209
Victoria_(CC),0.000335008375209
Weiz,0.000335008375209
Kawabe,0.000670016750419
Pietermaritzburg,0.000335008375209
Naissus,0.000335008375209
Yidtall,0.000335008375209
Coloma,0.000335008375209
Pingree,0.000335008375209
Nox,0.000335008375209
New_Venice,0.000335008375209
Champadanga,0.000335008375209
Koumi,0.000335008375209
Flintoft,0.000335008375209
Shaula,0.000335008375209
Fortymile,0.000335008375209
Helvetica,0.000335008375209
Ryan's_Fate,0.000335008375209
Declan,0.000335008375209
Hillerod,0.000335008375209
Shinonoi,0.000335008375209
Amber_Grove,0.000335008375209
Amiga,0.000335008375209
Linden,0.000335008375209
Christiania,0.000670016750419
Kimball,0.000335008375209
Brisbane,0.000335008375209
Las_Tunas,0.000335008375209
Megaris,0.000335008375209
Yance_I,0.000335008375209
Bjornlunda,0.000335008375209
Shaunavon,0.000335008375209
Skat,0.000335008375209
Sialkot,0.000335008375209
Lothair,0.000670016750419
Griffith,0.000335008375209
Park_Place,0.000335008375209
Blue_Sava,0.000335008375209
Lancaster_(FWL),0.000335008375209
Edasich,0.000670016750419
Shira,0.000335008375209
Valerius,0.00100502512563
Ingonish,0.000335008375209
Estuan,0.000335008375209
Chakachamna,0.000670016750419
Sterlington,0.000335008375209
Somerset,0.000335008375209
Macintosh,0.000335008375209
Tuamotu,0.000335008375209
Zion,0.000335008375209
Meinhof,0.000670016750419
Antias,0.00100502512563
Mandaoaaru,0.000335008375209
Jesenice,0.000335008375209
New_Aragon,0.000335008375209
Sertar,0.000335008375209
Volders,0.000670016750419
Mokane,0.000335008375209
Wallis,0.000335008375209
Swales,0.000335008375209
Kiamba,0.000335008375209
Ling,0.000335008375209
Zefri,0.000335008375209
Kristiandsund,0.000335008375209
Chapultepec,0.000335008375209
Numenor,0.000335008375209
Mizar,0.000335008375209
Bayis_II,0.000335008375209
Maderas,0.000670016750419
Freedom,0.000335008375209
Gorgon,0.000670016750419
Gunthar,0.000335008375209
Mauripur,0.000335008375209
Krakatau,0.000335008375209
Parakoila,0.000335008375209
New_Rhodes_III,0.000335008375209
McKenna,0.000335008375209
Carcassonne,0.000335008375209
Gibson,0.000335008375209
McKellan,0.000335008375209
Marlette,0.000335008375209
Epsilon_Indi,0.00134003350084
Ingress,0.000335008375209
Moultrie,0.000335008375209
Carstairs,0.000335008375209
Alma_Alta,0.000335008375209
Tiskilwa,0.000335008375209
Alshain,0.000335008375209
Corydon,0.000335008375209
Sevon,0.000670016750419
Aomen,0.000335008375209
Coriscana,0.000335008375209
Ishtar,0.000335008375209
Palm,0.000335008375209
Elbar,0.000335008375209
Tainjin,0.000335008375209
Bastrop,0.000670016750419
Hiberius,0.000335008375209
Tiruppur,0.000670016750419
Várri,0.000335008375209
Huesta,0.000335008375209
Daniels,0.000335008375209
Bannerhoft,0.000335008375209
Simpson_Desert,0.000335008375209
Waldheim,0.000335008375209
Clovis,0.000335008375209
Chapineria,0.000335008375209
Haddings,0.000335008375209
Noh-wan_Hohm,0.000335008375209
Bobruisk,0.000335008375209
Alegro,0.000335008375209
Wolof,0.000335008375209
Puttalam,0.000670016750419
Paulinus,0.000335008375209
Saunemin,0.000335008375209
Beta_Mensae_V,0.000335008375209
Memmingen,0.000335008375209
Brabent,0.000335008375209
Dì-fang,0.000335008375209
Mannedorf,0.000335008375209
Gouderak,0.000335008375209
Gannett,0.000335008375209
Barlow's_Folly,0.000335008375209
Dieudonne,0.000335008375209
Shenwan,0.000335008375209
Csesztreg,0.000335008375209
Tokasha,0.000335008375209
Hohenems,0.000335008375209
Wotan,0.000335008375209
Gomeisa,0.000335008375209
Nichol's_Rest,0.000335008375209
Grunwald,0.000670016750419
Donegal,0.000670016750419
Hinckley,0.000670016750419
Snailzar,0.000335008375209
Valasha,0.000335008375209
Halifax,0.000335008375209
Mattisskogen,0.000335008375209
Maynard,0.000335008375209
Annapolis,0.000335008375209
Weingarten,0.000335008375209
Inman,0.000335008375209
Lackhove,0.000335008375209
Kolovraty,0.000335008375209
Milligan,0.000335008375209
Pascagoula,0.000335008375209
Segerica,0.000335008375209
Tiflis,0.000335008375209
Bruben,0.000670016750419
Dustball,0.000335008375209
Kentwood,0.000335008375209
Aberystwyth,0.000335008375209
Bromhead,0.000335008375209
Irece,0.000335008375209
Urich,0.000335008375209
Harsefeld,0.000335008375209
Yed_Posterior,0.000335008375209
Sikkim,0.000670016750419
Stafford,0.000670016750419
Ngake,0.000335008375209
Nathan,0.000670016750419
Bougie,0.000335008375209
Launam,0.000335008375209
Kokpekty,0.000670016750419
Darwendale,0.000335008375209
Stirling,0.000335008375209
Basantapur,0.00167504187605
Kaznejoy,0.000335008375209
Ingvolstand,0.000335008375209
Tengil,0.000335008375209
Kingtribel,0.00134003350084
Tranquil,0.000335008375209
Dili,0.000670016750419
Yufu,0.000670016750419
Stanzach,0.000335008375209
Nashira,0.000335008375209
Ogilvie,0.000335008375209
Weldry,0.000335008375209
Principia,0.000335008375209
Heidelburg,0.000670016750419
Ferihegy,0.000335008375209
Goat_Path,0.000670016750419
Eaton,0.000335008375209
Glengarry,0.000335008375209
Hornir's_Keep,0.000335008375209
Lone_Star,0.000335008375209
Hongqiao,0.000670016750419
Roscoff,0.000670016750419
Susquehanna,0.000670016750419
Senftenberg,0.000670016750419
Koulen,0.000335008375209
Wallacia,0.000335008375209
Duxford,0.000335008375209
Algate,0.000335008375209
Caillinius,0.000670016750419
Lindenmarle,0.000335008375209
Svalstad,0.000670016750419
Babaeski,0.000335008375209
Damevang,0.000335008375209
Krin,0.000335008375209
Pompey,0.000670016750419
Navarre,0.000670016750419
Cerignola,0.000335008375209
Weippe,0.000670016750419
Westerhand,0.000335008375209
Larned,0.000335008375209
Buenos_Aires,0.000335008375209
Baxley,0.000335008375209
Conroe,0.000335008375209
Blackjack,0.000335008375209
Meacham,0.000335008375209
Tchamba,0.000335008375209
Sheliak,0.000335008375209
Ramgarh,0.000335008375209
Addasar,0.000335008375209
Guatavita,0.000335008375209
Ashley,0.000335008375209
Mozirje,0.000335008375209
Morrill,0.000335008375209
Altoona_(FS),0.00201005025126
Woodstock,0.000335008375209
Apriki,0.000335008375209
Durabon,0.000670016750419
Hot_Springs,0.000335008375209
Merlynpede,0.000335008375209
Kalmar,0.000335008375209
Apolakkia,0.000335008375209
Summer,0.000335008375209
Belluevue,0.000670016750419
Oyevaina,0.000335008375209
Last_Frontier,0.000335008375209
Gronholt,0.000335008375209
Ewanrigg,0.000670016750419
Sax,0.000335008375209
Parian,0.000335008375209
Hustaing,0.000335008375209
Khi,0.000335008375209
Glabach,0.000670016750419
Alpha_Eridani,0.000335008375209
Shalaine,0.000335008375209
Tomans,0.000335008375209
Demeter,0.000335008375209
Lapida_II,0.00268006700168
Son_Hoa,0.000335008375209
McRae,0.00167504187605
Wedderborg,0.000335008375209
Harmony,0.000335008375209
Tallmadge,0.000335008375209
Albalii,0.000335008375209
Liezen,0.000335008375209
Junction,0.000335008375209
Castile,0.000335008375209
Finse,0.000670016750419
Haerhbin,0.000335008375209
Mackenzie,0.000335008375209
Sinope,0.000335008375209
Coopertown,0.000335008375209
Almunge,0.000335008375209
Stardawn,0.000335008375209
Muswell,0.000670016750419
Gillfillan's_Gold,0.000335008375209
Rasalgethi,0.000335008375209
Bogrib,0.000335008375209
Arluna,0.000335008375209
La_Ligua,0.000335008375209
Campertown,0.000670016750419
Steinhatchee,0.000335008375209
Skyfog,0.000335008375209
Potwin,0.000335008375209
Helm,0.000335008375209
Muridox,0.000335008375209
Turko,0.000335008375209
Seginus,0.00201005025126
Chebanse,0.000335008375209
Atreus_(Clan_planet),0.000335008375209
Kelang,0.000335008375209
Mentasta,0.000335008375209
Paulus_Prime,0.000335008375209
Jesup,0.000670016750419
Waddesdon,0.000335008375209
Verde,0.000335008375209
Galedon,0.000335008375209
Sakai,0.000335008375209
Bluford,0.000335008375209
Aldertaine,0.00134003350084
Montsegur,0.000670016750419
New_Praha,0.000335008375209
Vixen,0.000670016750419
Waldorff,0.000335008375209
Tarkio,0.000335008375209
Logan's_Land,0.000335008375209
Telos_IV,0.000335008375209
Accrington,0.000335008375209
New_Mendham,0.000335008375209
Valois,0.000335008375209
Flushing,0.000670016750419
Dickinson,0.000335008375209
Menke,0.000670016750419
Nara,0.000670016750419
Marlowe's_Rift,0.000335008375209
Delavan,0.000335008375209
Outreach,0.000335008375209
Argos,0.000335008375209
Calseraigne,0.000335008375209
Predlitz,0.000335008375209
Kaiyuh,0.00100502512563
Kittery,0.000335008375209
Traussin,0.000335008375209
Firgrove,0.00100502512563
Barahona,0.000670016750419
Xenia,0.000335008375209
Pella_II,0.000335008375209
Ictus,0.000335008375209
Xhosa_VII,0.000335008375209
Laconis,0.000335008375209
Calafell,0.000335008375209
Fallen_Stars,0.000670016750419
Wright,0.000335008375209
Flatspin,0.000335008375209
Danxian,0.000670016750419
Galax,0.000335008375209
Torgvei,0.000670016750419
Bountiful_Harvest,0.000335008375209
Burton,0.000335008375209
Ovan,0.000335008375209
Kaus_Borealis,0.000335008375209
Willunga,0.000670016750419
New_Home,0.000335008375209
Biegga,0.000670016750419
Kirbyville,0.000335008375209
Rowe,0.000335008375209
Paf,0.000670016750419
Acubens,0.000335008375209
Nizina,0.000335008375209
Dreadlord,0.000335008375209
Mohács,0.000335008375209
Lordinax,0.000670016750419
Duantia,0.000335008375209
Ruchbah,0.000335008375209
Loyalty,0.000335008375209
Tirabad,0.000335008375209
Culmia,0.000335008375209
Surcin,0.000670016750419
Colinas,0.000335008375209
Decatur,0.000335008375209
Pierce,0.000670016750419
Sadachbia,0.000335008375209
Royalston,0.000335008375209
Deschenes,0.000670016750419
Qarahta,0.000335008375209
Almach,0.000335008375209
Monhegan,0.000335008375209
Szombathely,0.000335008375209
Aldrecht,0.000335008375209
Stein's_Folly,0.000335008375209
Mercedes,0.000335008375209
Alioth,0.000670016750419
Ottumwa,0.000335008375209
Lindsay,0.000335008375209
Kostinbrod,0.000670016750419
Denizli,0.000335008375209
Shipton,0.000335008375209
Bucklands,0.000335008375209
Hammer,0.000335008375209
Calloway,0.000335008375209
Romulus,0.000335008375209
Mitchel,0.000335008375209
Kikuyu,0.000335008375209
Rukbat,0.000335008375209
Bell_(OA),0.000335008375209
Aquileia,0.000335008375209
Clearfield,0.000335008375209
Odawara,0.000335008375209
Shawnee,0.000335008375209
Paris,0.000335008375209
Oligar,0.000335008375209
Mezzana,0.000335008375209
Olafsvik,0.000335008375209
Zdice,0.000335008375209
Karston,0.000335008375209
Monywa,0.000335008375209
Immenstadt,0.000335008375209
New_Hessen,0.000335008375209
Gatineau,0.000335008375209
Pencader,0.000335008375209
Bone-Norman,0.000335008375209
Tarazed,0.000335008375209
Independence,0.000670016750419
Daneshmand,0.000670016750419
Luzerne,0.000335008375209
Carmacks,0.000335008375209
Engadine,0.000670016750419
Enkoping,0.000335008375209
Alexandria_(CC),0.000335008375209
Zempoatlepetl,0.000335008375209
Xanthe_III,0.000335008375209
Yamarovka,0.000670016750419
Caledea,0.000335008375209
Monistrol,0.000335008375209
Khon_Kaen,0.000335008375209
Homer,0.000335008375209
Saginaw,0.000335008375209
Halfway,0.000335008375209
Primus,0.000670016750419
Fredotto,0.000670016750419
Clipperton,0.000670016750419
Gladius,0.000335008375209
Triesting,0.000335008375209
Wroxeter,0.000335008375209
Mayenne,0.000670016750419
Vibrunum,0.000335008375209
New_St._Andrews,0.000335008375209
Apsalar,0.000335008375209
New_Syrtis,0.000335008375209
Offerman,0.000335008375209
Sullivan,0.000335008375209
Goetville,0.000335008375209
Manteno,0.000335008375209
Covington,0.000670016750419
Valexa,0.000335008375209
Kaumberg,0.000335008375209
TJ239H2,0.000335008375209
Kajikazawa,0.000335008375209
Sparta,0.000335008375209
Shensi,0.000335008375209
Crestoblus,0.000335008375209
Mermentau,0.000335008375209
Unity,0.000335008375209
Kaitangata,0.000335008375209
Jenet,0.000335008375209
Corridan,0.000335008375209
Sian,0.000335008375209
Evansville,0.000335008375209
Gorfynt,0.000670016750419
Hood_IV,0.000335008375209
Vorarlberg,0.000335008375209
Groveld_III,0.00134003350084
Brinton,0.000335008375209
Sakhalin_(LC),0.000670016750419
Nekkar,0.000335008375209
DeWitt,0.000335008375209
Wynn's_Roost,0.000335008375209
Macomb,0.000335008375209
Chouli,0.000335008375209
Tazaraki,0.000335008375209
Duxfort,0.000335008375209
Richvale,0.000670016750419
Risin,0.000670016750419
Seiduts,0.000335008375209
St._Loris,0.000335008375209
Osumi,0.000335008375209
Isesaki,0.000335008375209
Candiear,0.000670016750419
Gingeria,0.000670016750419
Fieferana,0.000335008375209
El_Giza,0.000335008375209
Thibodaux,0.00100502512563
Sierpc,0.000335008375209
Ningpo,0.000335008375209
Thessalonika,0.000335008375209
Azur,0.000670016750419
Kwangjong-ni,0.000335008375209
Callison,0.000335008375209
Modesto,0.000335008375209
Atzenbrugg,0.000335008375209
Sverdlovsk,0.000335008375209
Gillingham,0.000335008375209
Lancaster,0.000335008375209
Tatsuno,0.000335008375209
Panpour,0.000670016750419
The_Rock,0.000670016750419
Werfer,0.000335008375209
Kockengen,0.000335008375209
Curaumilla,0.000335008375209
Mordialloc,0.000335008375209
Cirebon,0.000335008375209
Muphrid,0.000335008375209
Dicallus,0.000670016750419
Ilion,0.000335008375209
Drienfontein,0.000335008375209
Miyazaki,0.000670016750419
Birqash,0.000335008375209
Revel,0.000335008375209
Turin,0.000335008375209
Feltre,0.000335008375209
Blueys,0.000335008375209
Xi_Ursae_Majoris,0.000335008375209
Remulac,0.000335008375209
Sabik,0.000335008375209
Urjala,0.000670016750419
Lyceum,0.000335008375209
Schererville,0.000335008375209
Koskenkorva,0.000335008375209
Mansfield,0.000335008375209
Montmarault,0.000670016750419
Robsart,0.000335008375209
Trondheim,0.000335008375209
Dompaire,0.000335008375209
Bainsville,0.000335008375209
Mica_V,0.000335008375209
Susulatna,0.000335008375209
Islamabad,0.000335008375209
Eleusis,0.000335008375209
Taygeta,0.000335008375209
Belladonna,0.000335008375209
Horneburg,0.000335008375209
Saravan,0.000335008375209
Helixmar,0.000335008375209
New_Florence,0.000335008375209
Mica_I,0.000670016750419
Matamoras,0.000335008375209
Zaprudy,0.000335008375209
Ylemelke,0.000670016750419
Melilla,0.000335008375209
Aggstein,0.000335008375209
Thasos,0.000670016750419
La_Blon,0.000670016750419
Kerensky's_Vision,0.000335008375209
Cammal,0.000335008375209
Hickok,0.000335008375209
Blandou,0.000335008375209
Belamor,0.000335008375209
Albaracht,0.000335008375209
Techne's_Revenge,0.000670016750419
Otisberg,0.000670016750419
Elba,0.000335008375209
Barstow,0.000335008375209
Zolfo,0.000670016750419
Niquinohomo,0.000335008375209
Suk_II,0.000335008375209
Norfolk,0.000335008375209
Johnsondale,0.000335008375209
Sackville,0.000335008375209
Zambezi,0.000670016750419
Manihiki,0.000335008375209
Babuyan,0.000335008375209
Dhaulgiri,0.000335008375209
Weistheimer,0.000335008375209
Veckholm,0.000670016750419
Emris_IV,0.000335008375209
Colmar,0.000335008375209
Aosia,0.000335008375209
Marcus,0.000335008375209
Multan,0.000670016750419
Helvetia,0.000670016750419
Labrea,0.000335008375209
Botany_Bay,0.000335008375209
Asturias,0.000335008375209
Milnerton,0.000670016750419
Merak,0.000335008375209
Zwipadze,0.000335008375209
Premana,0.000335008375209
Zetang,0.000335008375209
Whittington,0.000335008375209
Texlos,0.000335008375209
Ubangi,0.000335008375209
Amminadav,0.000335008375209
Circinus,0.000670016750419
Sichuan,0.000335008375209
Palladaine,0.000335008375209
Ventabren,0.000670016750419
Vaajakoski,0.000335008375209
Washburn,0.000335008375209
Cordiagr,0.000335008375209
Joyz,0.00100502512563
Pondicherry,0.000335008375209
Dowles,0.000335008375209
Tecumseh,0.000335008375209
Cotocallao,0.000335008375209
Jamestown,0.000335008375209
Franmalin,0.000335008375209
Atreus,0.000335008375209
Scheat,0.000335008375209
Kupang_(RWR),0.000670016750419
Cerillos,0.000335008375209
New_Hope,0.000335008375209
Tangua,0.000335008375209
Flynn,0.000670016750419
Kurhah,0.000335008375209
Bellevue,0.000335008375209
Aldebaran,0.000335008375209
Darius,0.000335008375209
Adhafera,0.000335008375209
Loburg,0.000335008375209
Gitarama,0.000335008375209
Nakaojo,0.000335008375209
Altorra,0.000335008375209
Crichton,0.000670016750419
New_Exford,0.000335008375209
Arcadia_(LC),0.000670016750419
Sawyer,0.000670016750419
Sardis,0.000670016750419
Harrow's_Sun,0.000335008375209
Booker,0.000670016750419
Niihau,0.000335008375209
Hesperus,0.000335008375209
Tordenskjold,0.000670016750419
Listowel,0.000335008375209
Hainfeld,0.000335008375209
Liu's_Memory,0.000335008375209
Florarda,0.000335008375209
Schwartz,0.000335008375209
Kitzingen,0.000335008375209
Marawi,0.000335008375209
Windhoek,0.000335008375209
Choex,0.000670016750419
New_Westin,0.000335008375209
Yumesta,0.000335008375209
Jatznik,0.000335008375209
Sylvan,0.000335008375209
Matar,0.000335008375209
Uravan,0.000335008375209
Madiun,0.000335008375209
Ulan_Batar,0.000335008375209
Elidere,0.000335008375209
Altenmarkt,0.000335008375209
Mytilene,0.000335008375209
Herbania,0.000335008375209
Tania_Australis,0.000335008375209
Crawford's_Delight,0.000335008375209
Zosma,0.000335008375209
Cylene,0.000335008375209
Nouasseur,0.000335008375209
Scudder,0.000335008375209
Trondheimal,0.000670016750419
Ionus,0.000335008375209
Brockton,0.000335008375209
Bryant,0.000335008375209
New_Delphi,0.000335008375209
Indicass,0.000335008375209
Lambrecht,0.000335008375209
Wiltshire,0.000335008375209
Beauvais,0.000670016750419
Falsterbo,0.000335008375209
Breukelen,0.000335008375209
New_Oslo,0.000335008375209
Vanern,0.000335008375209
Ridgebrook,0.000335008375209
Ceuta,0.000335008375209
Wyeth's_Glory,0.000335008375209
Remshield,0.000335008375209
Howick,0.000335008375209
Aylmer,0.000335008375209
Shuen_Wan,0.000335008375209
Abushiri,0.000335008375209
Kutludugun,0.000335008375209
Brownsville,0.000335008375209
Kendall,0.000670016750419
Salisberg,0.000670016750419
Nullarbor,0.000335008375209
Plymouth,0.000335008375209
Nukus,0.000335008375209
Fable,0.000335008375209
Weisau,0.000670016750419
Lovinac,0.000335008375209
León,0.000335008375209
Gulf_Breeze,0.000335008375209
Athna,0.000335008375209
Altona,0.000670016750419
Manaus,0.000335008375209
Forkas,0.000335008375209
False_Dawn,0.000335008375209
Niles_(Clan),0.000335008375209
Kelenfold,0.000670016750419
Eaglesham,0.000335008375209
Graham_IV,0.000335008375209
Adherlwin,0.000335008375209
Keystone,0.000335008375209
Nunivak,0.000335008375209
Dralkig,0.000335008375209
Bhykov,0.000335008375209
Esteros,0.000335008375209
Beten_Kaitos,0.000335008375209
Herrmaz,0.000335008375209
Aucara,0.00134003350084
Kirchbach,0.000335008375209
Artru,0.000335008375209
Chaffee,0.000670016750419
Lurgatan,0.000335008375209
Domeyko,0.000335008375209
Vecchio,0.000670016750419
Qanatir,0.000335008375209
Meilen,0.000335008375209
Paracale,0.000335008375209
Evciler,0.000335008375209
Sartu,0.000335008375209
Arcturus,0.000670016750419
Ceiba,0.000335008375209
Gravensteen,0.000670016750419
Detroit,0.000670016750419
Strandfontein,0.000335008375209
Safe_Port,0.000335008375209
Port_Arthur,0.00100502512563
Dnepropetrovsk,0.000335008375209
Regis_Roost,0.000335008375209
Bella_I,0.000335008375209
Land's_End,0.000670016750419
Waxell,0.000335008375209
Kwamashu,0.000335008375209
Rasalhague,0.000335008375209
St._Ives,0.000335008375209
Kossandra's_Memory,0.000335008375209
Armington,0.000335008375209
Kirin,0.000670016750419
Cohay,0.000670016750419
Thannhausen,0.000335008375209
Mauckport,0.000335008375209
Lacadon,0.000335008375209
Diedre's_Den,0.000670016750419
Heathville,0.000335008375209
Halmyre_Deans,0.000335008375209
Nyasa,0.000335008375209
Nogales,0.000670016750419
Bandora,0.000335008375209
Twycross,0.000335008375209
Czarvowo,0.00100502512563
Azha,0.000335008375209
Hephzibah,0.000335008375209
Pocologan,0.000335008375209
Olancha,0.000335008375209
Jiddah,0.000335008375209
Chota,0.000335008375209
Sheratan,0.000335008375209
Omagh,0.000670016750419
Reisterstown,0.000335008375209
Linneus,0.000335008375209
Maripa,0.000335008375209
Rondane,0.000335008375209
Quentin,0.000670016750419
Irian,0.000335008375209
Tantara,0.000335008375209
Marik,0.000335008375209
Minderoo,0.000335008375209
Buckminster,0.000335008375209
Morningside,0.000335008375209
Kujari,0.000670016750419
Milton,0.000335008375209
Dar-es-Salaam,0.000335008375209
Imalda,0.00569514237856
Soverzene,0.000670016750419
Kwangchowwang,0.000335008375209
Jezersko,0.000335008375209
McAffe,0.000335008375209
Terra_Firma,0.000670016750419
Nerum,0.000335008375209
Taran's_World,0.000335008375209
O'Fallon,0.000335008375209
Logres,0.000335008375209
Melville,0.000335008375209
Dover,0.000335008375209
Organo,0.000335008375209
Csomad,0.000335008375209
Bogard,0.000335008375209
Steelton,0.000670016750419
Alkalurops,0.000335008375209
Prydain,0.000335008375209
Coromodir,0.000335008375209
Melcher,0.000335008375209
Thun,0.000335008375209
Harminous,0.000335008375209
Remagen,0.000335008375209
Menkib,0.000335008375209
Myrrdin,0.000670016750419
Rapla,0.000335008375209
Uzhgorod,0.000335008375209
Kountze,0.000670016750419
